Folder|Original|Commons
1_SIRIA - Palmira|1) Palmira. T.del bel temenos angolo sud-ovest. 20 marzo '93. Bis.jpg|Palmira._T.del_bel_temenos_angolo_sud-ovest._-_DecArch_1-1
1_SIRIA - Palmira|2) Palmira. T.di bel porticato ovest. 2' marzo '93. Bis.jpg|Palmira._T.di_bel_porticato_ovest._-_DecArch_1-2
1_SIRIA - Palmira|3) Palmira. Temenos T. di bel ingresso facciata interna lato ovest. 20 marzo '93. Bis.jpg|Palmira._Temenos_T._di_bel_ingresso_facciata_interna_lato_ovest._-_DecArch_1-3
1_SIRIA - Palmira|4) Palmira. Temenos T. di bel ingresso facciata interna lato ovest. 20 marzo '93. Bis.jpg|Palmira._Temenos_T._di_bel_ingresso_facciata_interna_lato_ovest._-_DecArch_1-4
1_SIRIA - Palmira|5) Palmira. Temenos T. di bel ingresso facciata interna lato ovest. 20 marzo '93. Bis.jpg|Palmira._Temenos_T._di_bel_ingresso_facciata_interna_lato_ovest._-_DecArch_1-5
1_SIRIA - Palmira|6) Palmira. Temenos T. di bel ingresso facciata interna lato ovest. 20 marzo '93. Bis.jpg|Palmira._Temenos_T._di_bel_ingresso_facciata_interna_lato_ovest._-_DecArch_1-6
1_SIRIA - Palmira|7) Palmira. Temenos T. di bel. 20 marzo '93. Bis.jpg|Palmira._Temenos_T._di_bel._-_DecArch_1-7
1_SIRIA - Palmira|8) Palmira. Temenos T. di bel. Plastico 20 marzo '93. Bis.jpg|Palmira._Temenos_T._di_bel._Plastico_-_DecArch_1-8
1_SIRIA - Palmira|9) Palmira 20 marzo '93. Bis.jpg|Palmira_-_DecArch_1-9
1_SIRIA - Palmira|10) Palmira. Pianta. maggio '93. Bis.jpg|Palmira._Pianta._maggio_-_DecArch_1-10
1_SIRIA - Palmira|11) Palmira. T. di bel. 20 marzo '93. Bis.jpg|Palmira._T._di_bel._-_DecArch_1-11
1_SIRIA - Palmira|12) Palmira. Cella T di bel. 20 marzo '93 Bis.jpg|Palmira._Cella_T_di_bel._-_DecArch_1-12
1_SIRIA - Palmira|13) Palmira. Cella T. di bel. 20 marzo '93. Bis.jpg|Palmira._Cella_T._di_bel._-_DecArch_1-13
1_SIRIA - Palmira|14) Palmira. Cella T. di bel. Adyton Nord. 20 marzo '93. Bis.jpg|Palmira._Cella_T._di_bel._Adyton_Nord._-_DecArch_1-14
1_SIRIA - Palmira|15) Palmira. T. di bel. Portale d'ingresso . 20 marzo '93. Bis.jpg|Palmira._T._di_bel._Portale_d'ingresso_._-_DecArch_1-15
1_SIRIA - Palmira|16) Alfa 35 Bis.jpg|16)_Alfa_35_-_DecArch_1-16
1_SIRIA - Palmira|17). Alfa 34. Palmira. T. di bel. Temenos, lato Ovest (ingresso). 20 marzo '93. Bis.jpg|Alfa_34._Palmira._T._di_bel._Temenos,_lato_Ovest_(ingresso)._-_DecArch_1-17
1_SIRIA - Palmira|18) Palmira. Arco monumentale, facciata verso tetrapilo, fornice lat. 20 marzo '93. Bis.jpg|Palmira._Arco_monumentale,_facciata_verso_tetrapilo,_fornice_lat._-_DecArch_1-18
1_SIRIA - Palmira|19) Palmira. Arco monumentale, facciata verso tetrapilo. 20 marzo '93. Bis.jpg|Palmira._Arco_monumentale,_facciata_verso_tetrapilo._-_DecArch_1-19
1_SIRIA - Palmira|20) Palmira. Arco monumentale, facciata verso tetrapilo, fornice entrale. 20 marzo '93. Bia.jpg|Palmira._Arco_monumentale,_facciata_verso_tetrapilo,_fornice_entrale._Bia_-_DecArch_1-20
1_SIRIA - Palmira|21) Palmira. Arco monumentale. 20 marzo '93. Bis.jpg|Palmira._Arco_monumentale._-_DecArch_1-21
1_SIRIA - Palmira|22) Palmira. Arco monumentale. 20 marzo '93. Bis.jpg|Palmira._Arco_monumentale._-_DecArch_1-22
1_SIRIA - Palmira|23) Palmira. Arco monumentale, facciata verso T. di Bel. 20 m arzo '93. Bis..jpg|Palmira._Arco_monumentale,_facciata_verso_T._di_Bel._._-_DecArch_1-23
1_SIRIA - Palmira|24) Palmira. Via colonnata tra T. di bel e Arco. 20 marzo '93. Bis.jpg|Palmira._Via_colonnata_tra_T._di_bel_e_Arco._-_DecArch_1-24
1_SIRIA - Palmira|25) Palmira. Via colonnata tra T. di bel e Arco, part di X 2. 20 marzo '93. Bis.jpg|Palmira._Via_colonnata_tra_T._di_bel_e_Arco,_part_di_X_2._-_DecArch_1-25
1_SIRIA - Palmira|26) Palmira. Via colonnata tra T. di bel e Arco, X 2. 20 marzo '93. Bis..jpg|Palmira._Via_colonnata_tra_T._di_bel_e_Arco,_X_2._._-_DecArch_1-26
1_SIRIA - Palmira|27) Palmira. Via colonnata tra T. di bel e Arco. 20 marzo '93. Bis.jpg|Palmira._Via_colonnata_tra_T._di_bel_e_Arco._-_DecArch_1-27
1_SIRIA - Palmira|28) Palmira. Via colonnata tra T. di bel e Arco, parto di W 37. 20 marzo '93. Bis.jpg|Palmira._Via_colonnata_tra_T._di_bel_e_Arco,_parto_di_W_37._-_DecArch_1-28
1_SIRIA - Palmira|29) Palmira. Via colonnata tra T. di bel e Arco. 20 marzo '93. Bis.jpg|Palmira._Via_colonnata_tra_T._di_bel_e_Arco._-_DecArch_1-29
1_SIRIA - Palmira|30) Palmira. Via colonnata tra T. di bel e Arco. 20 marzo '93. Bis.jpg|Palmira._Via_colonnata_tra_T._di_bel_e_Arco._-_DecArch_1-30
1_SIRIA - Palmira|31) Palmira. Via colonnata tra T. di bel e Arco. 20 marzo '93. Bis.jpg|Palmira._Via_colonnata_tra_T._di_bel_e_Arco._-_DecArch_1-31
1_SIRIA - Palmira|32) Palmira. Ninfeo. 20 marzo '93. Bis.jpg|Palmira._Ninfeo._-_DecArch_1-32
1_SIRIA - Palmira|33) Palmira. Ninfeo. 20 marzo '93. Bis.jpg|Palmira._Ninfeo._-_DecArch_1-33
1_SIRIA - Palmira|34) Palmira. Ninfeo. 20 marzo '93. Bis.jpg|Palmira._Ninfeo._-_DecArch_1-34
1_SIRIA - Palmira|35) Palmira 20 marzo '93. Bis.jpg|Palmira_-_DecArch_1-35
1_SIRIA - Palmira|36) Palmira. 20 marzo '93. Bis.jpg|Palmira._-_DecArch_1-36
1_SIRIA - Palmira|37) Alfa 31. Bis.jpg|37)_Alfa_31._-_DecArch_1-37
1_SIRIA - Palmira|38) Palmira. T. di Bel, temenos. 20 marzo '93. Bis.jpg|Palmira._T._di_Bel,_temenos._-_DecArch_1-38
1_SIRIA - Palmira|39) Palmira. T. di Bel, temenos. Part.di U32. 20 marzo '93. Bis.jpg|Palmira._T._di_Bel,_temenos._Part.di_U32._-_DecArch_1-39
1_SIRIA - Palmira|40) Palmira. T. di Bel, temenos. 20 marzo '93. Bis.jpg|Palmira._T._di_Bel,_temenos._-_DecArch_1-40
1_SIRIA - Palmira|41) Palmira. T. di Bel, temenos. 20 marzo '93. Bis.jpg|Palmira._T._di_Bel,_temenos._-_DecArch_1-41
1_SIRIA - Palmira|42) Palmira. T. di Bel, temenos. 20 marzo '93. Bis.jpg|Palmira._T._di_Bel,_temenos._-_DecArch_1-42
1_SIRIA - Palmira|43) Palmira. T. di Bel, temenos. 20 marzo '93. Bis.jpg|Palmira._T._di_Bel,_temenos._-_DecArch_1-43
1_SIRIA - Palmira|44) Palmira. T. di Bel, temenos. 20 marzo '93. Bis.jpg|Palmira._T._di_Bel,_temenos._-_DecArch_1-44
1_SIRIA - Palmira|45) Palmira. Portale al teatro dalla via colonnata. 20 marzo '93. Bis.jpg|Palmira._Portale_al_teatro_dalla_via_colonnata._-_DecArch_1-45
1_SIRIA - Palmira|46) Palmira. Via colonnata presso il teatro. 20 marzo '93. Bis.jpg|Palmira._Via_colonnata_presso_il_teatro._-_DecArch_1-46
1_SIRIA - Palmira|47) Palmira. Via colonnata presso il teatro. 20 marzo '93. Bis.jpg|Palmira._Via_colonnata_presso_il_teatro._-_DecArch_1-47
1_SIRIA - Palmira|48) Palmira. Via colonnata presso il teatro. 20 marzo '93. Bis.jpg|Palmira._Via_colonnata_presso_il_teatro._-_DecArch_1-48
1_SIRIA - Palmira|49) Palmira. Via colonnata presso il teatro. 20 arzo '93. Bis.jpg|Palmira._Via_colonnata_presso_il_teatro._-_DecArch_1-49
1_SIRIA - Palmira|50) Palmira. Mura di Zenobia. 20 marzo '93.Bis.jpg|Palmira._Mura_di_Zenobia._-_DecArch_1-50
1_SIRIA - Palmira|51) Palmira. Colonna Onoraria presso porta delle carovane. 20 marzo '93. Bis.jpg|Palmira._Colonna_Onoraria_presso_porta_delle_carovane._-_DecArch_1-51
1_SIRIA - Palmira|52) Palmira. Porta delle carovane. 20 marzo '93. Bis.jpg|Palmira._Porta_delle_carovane._-_DecArch_1-52
1_SIRIA - Palmira|53) Palmira. Via colonnata del teatro. 20 marzo '93. Bis.jpg|Palmira._Via_colonnata_del_teatro._-_DecArch_1-53
1_SIRIA - Palmira|54) Palmira. Via colonnata del teatro. 20 marzo '93. Bis.jpg|Palmira._Via_colonnata_del_teatro._-_DecArch_1-54
1_SIRIA - Palmira|55) Palmira. Via colonnata del teatro. 20 marzo '93. Bis.jpg|Palmira._Via_colonnata_del_teatro._-_DecArch_1-55
1_SIRIA - Palmira|56) Palmira. Passaggio alla via colonnata del teatro. 20 marzo '93. Bis.jpg|Palmira._Passaggio_alla_via_colonnata_del_teatro._-_DecArch_1-56
1_SIRIA - Palmira|57) Palmira. Arco di passaggio verso la via colonnata del teatro. 20 marzo '93. Bis.jpg|Palmira._Arco_di_passaggio_verso_la_via_colonnata_del_teatro._-_DecArch_1-57
1_SIRIA - Palmira|58) Alfa 32. Bis.jpg|58)_Alfa_32._-_DecArch_1-58
1_SIRIA - Palmira|59) Palmira. Passaggio verso la via del teatro. 20 marzo '93. Bis.jpg|Palmira._Passaggio_verso_la_via_del_teatro._-_DecArch_1-59
1_SIRIA - Palmira|60) Palmira. Terme di Diocleziano. 20 marzo '93. Bis.jpg|Palmira._Terme_di_Diocleziano._-_DecArch_1-60
1_SIRIA - Palmira|61) Palmira. Terme di Diocleziano. Uguale a X 39. 20 marzo '93. Bis.jpg|Palmira._Terme_di_Diocleziano._Uguale_a_X_39._-_DecArch_1-61
1_SIRIA - Palmira|62) Palmira. Terme di Diocleziano. 20 marzo '93. Bis.jpg|Palmira._Terme_di_Diocleziano._-_DecArch_1-62
1_SIRIA - Palmira|63) Palmira. Terme di Diocleziano. 20 marzo '93.JPG|Palmira._Terme_di_Diocleziano_-_DecArch_1-63
1_SIRIA - Palmira|64) Palmira. Terme di Diocleziano. 20 marzo '93.JPG|Palmira._Terme_di_Diocleziano_-_DecArch_1-64
1_SIRIA - Palmira|65) Palmira. Terme di Diocleziano. Part. di X 33. 20 marzo '93.JPG|Palmira._Terme_di_Diocleziano._Part._di_X_33_-_DecArch_1-65
1_SIRIA - Palmira|66) Palmira. Terme di Diocleziano. 20 marzo '93.JPG|Palmira._Terme_di_Diocleziano_-_DecArch_1-66
1_SIRIA - Palmira|67) Palmira. Terme di Diocleziano. 20 marzo '93.JPG|Palmira._Terme_di_Diocleziano_-_DecArch_1-67
1_SIRIA - Palmira|68) Palmira. Terme di Diocleziano. 20 marzo '93.JPG|Palmira._Terme_di_Diocleziano_-_DecArch_1-68
1_SIRIA - Palmira|69) Palmira. Temenos Sant. Nebo. 20 marzo '93. Bis.jpg|Palmira._Temenos_Sant._Nebo._-_DecArch_1-69
1_SIRIA - Palmira|70) Palmira. Sant. Nebo. 20 marzo '93. Bis.jpg|Palmira._Sant._Nebo._-_DecArch_1-70
1_SIRIA - Palmira|71) Palmira. Sant. Nebo. 20 marzo '93. Bis.jpg|Palmira._Sant._Nebo._-_DecArch_1-71
1_SIRIA - Palmira|72) Palmira. Via colonnata tra arco e Sant. Nebo. 20 marzo '93. Bis.jpg|Palmira._Via_colonnata_tra_arco_e_Sant._Nebo._-_DecArch_1-72
1_SIRIA - Palmira|73) Palmira. Via colonnata tra arco e tetrapilo. 20 marzo '93. Bis.jpg|Palmira._Via_colonnata_tra_arco_e_tetrapilo._-_DecArch_1-73
1_SIRIA - Palmira|74) Palmira. Via colonnata dell' arco. 20 marzo '93. Bis.jpg|Palmira._Via_colonnata_dell'_arco._-_DecArch_1-74
1_SIRIA - Palmira|75) Palmira. Via colonnata tra arco e tetrapilo. 20 marzo '93. Bis.jpg|Palmira._Via_colonnata_tra_arco_e_tetrapilo._-_DecArch_1-75
1_SIRIA - Palmira|76) Palmira. Arco monumentale. 20 marzo '93. Bis.jpg|Palmira._Arco_monumentale._-_DecArch_1-76
1_SIRIA - Palmira|78) Palmira. Arco monumentale. 20 marzo '93. Bis.jpg|Palmira._Arco_monumentale._-_DecArch_1-78
1_SIRIA - Palmira|79) Palmira. Arco monumentale. 20 marzo '93. Bis.jpg|Palmira._Arco_monumentale._-_DecArch_1-79
1_SIRIA - Palmira|80) Palmira. Arco monumentale. 20 marzo '93. Bis.jpg|Palmira._Arco_monumentale._-_DecArch_1-80
1_SIRIA - Palmira|81) Palmira. Arco monumentale. 20 marzp '93. Bis.jpg|Palmira._Arco_monumentale._-_DecArch_1-81
1_SIRIA - Palmira|82) Palmira. Arco monumentale, facciata verso tetrapilo front. lat. 20 marzo '93. Bis.jpg|Palmira._Arco_monumentale,_facciata_verso_tetrapilo_front._lat._-_DecArch_1-82
1_SIRIA - Palmira|83) Palmira. Arco monumentale, facciata verso tetrapilo front. later. 20 marzo '93. Bis.jpg|Palmira._Arco_monumentale,_facciata_verso_tetrapilo_front._later._-_DecArch_1-83
1_SIRIA - Palmira|84) Palmira. Arco monumentale. 20 marzo '93. Bis.jpg|Palmira._Arco_monumentale._-_DecArch_1-84
1_SIRIA - Palmira|85) Palmira. Arco monumentale, facciata verso tetrapilo fornice centr. 20 marzo '93. Bis.jpg|Palmira._Arco_monumentale,_facciata_verso_tetrapilo_fornice_centr._-_DecArch_1-85
1_SIRIA - Palmira|86) Palmira. Arco monumentale, lato corto maggiore, interno. 20 arzo '93. Bis.jpg|Palmira._Arco_monumentale,_lato_corto_maggiore,_interno._-_DecArch_1-86
1_SIRIA - Palmira|87) Palmira. Arco monumentale, lato corto maggiore, interno. 20 marzo '93. Bis.jpg|Palmira._Arco_monumentale,_lato_corto_maggiore,_interno._-_DecArch_1-87
1_SIRIA - Palmira|88) Palmira. Arco monumentale, lato corto maggiore. 20 marzo '93. Bis.jpg|Palmira._Arco_monumentale,_lato_corto_maggiore._-_DecArch_1-88
1_SIRIA - Palmira|89) Palmira. Via colonnata, nord esedra. Part.di Z 24. 20 marzo '93. Bis.jpg|Palmira._Via_colonnata,_nord_esedra._Part.di_Z_24._-_DecArch_1-89
1_SIRIA - Palmira|90) Palmira. Via colonnata, nord esedra. Z 24. 20 marzo '93. Bis.jpg|Palmira._Via_colonnata,_nord_esedra._Z_24._-_DecArch_1-90
1_SIRIA - Palmira|91) Palmira. Via colonnata, nord esedra. 20 marzo '93. Bis.jpg|Palmira._Via_colonnata,_nord_esedra._-_DecArch_1-91
1_SIRIA - Palmira|92) Palmira. Esedra sulla via colonnata verso il T.Fun. 20 marzo '93. Bis.jpg|Palmira._Esedra_sulla_via_colonnata_verso_il_T.Fun._-_DecArch_1-92
1_SIRIA - Palmira|93 Palmira. Via colonnata verso T.funerario, occupazione strada. 20 marzo '93. Bis.jpg|Palmira._Via_colonnata_verso_T.funerario,_occupazione_strada._-_DecArch_1-93
1_SIRIA - Palmira|94) Palmira. Tetrapilo. 20 marzo '93. Bis.jpg|Palmira._Tetrapilo._-_DecArch_1-94
1_SIRIA - Palmira|95) Palmira. Tetrapilo. Part.di Z 10. 20 marzo '93. Bis.jpg|Palmira._Tetrapilo._Part.di_Z_10._-_DecArch_1-95
1_SIRIA - Palmira|96) Palmira. Tetrapilo. Z 10. 20 marzo '93. Bis.jpg|Palmira._Tetrapilo._Z_10._-_DecArch_1-96
1_SIRIA - Palmira|97) Palmira. Tetrapilo. 20 marzo '93. Bis.jpg|Palmira._Tetrapilo._-_DecArch_1-97
1_SIRIA - Palmira|98) Palmira. Tetrapilo. 20 marzo '93. Bis.jpg|Palmira._Tetrapilo._-_DecArch_1-98
1_SIRIA - Palmira|99) Palmira. Tetrapilo. 20 marzo '93. Bis.jpg|Palmira._Tetrapilo._-_DecArch_1-99
1_SIRIA - Palmira|100) Palmira. Via colonnata dal tetrapilo all'arco. 20 marzo '93. Bis.jpg|Palmira._Via_colonnata_dal_tetrapilo_all'arco._-_DecArch_1-100
1_SIRIA - Palmira|101) Palmira. Via colonnata e tetrapilo. 20 marzo '93. Bis.jpg|Palmira._Via_colonnata_e_tetrapilo._-_DecArch_1-101
1_SIRIA - Palmira|102) Palmira. Via colonnata e tetrapilo. 20 marzo '93. Bis.jpg|Palmira._Via_colonnata_e_tetrapilo._-_DecArch_1-102
1_SIRIA - Palmira|103) Palmira. Ninfeo presso tetrapilo. 20 marzo '93. Bis.jpg|Palmira._Ninfeo_presso_tetrapilo._-_DecArch_1-103
1_SIRIA - Palmira|104) Palmira. Ninfeo presso tetrapilo. 20 marzo '93. Bis.jpg|Palmira._Ninfeo_presso_tetrapilo._-_DecArch_1-104
1_SIRIA - Palmira|105) Palmira. Ninfeo presso tetrapilo. 20 marzo '93. Bis.jpg|Palmira._Ninfeo_presso_tetrapilo._-_DecArch_1-105
1_SIRIA - Palmira|106) Palmira. Ninfeo presso tetrapilo. Part.di Z 05. 20 marzo '93. Bis.jpg|Palmira._Ninfeo_presso_tetrapilo._Part.di_Z_05._-_DecArch_1-106
1_SIRIA - Palmira|107) Palmira. Ninfeo presso tetrapilo. Z 05. 20 marzo '93. Bis.jpg|Palmira._Ninfeo_presso_tetrapilo._Z_05._-_DecArch_1-107
1_SIRIA - Palmira|108) Palmira. Corte a peristilio. 20 marzo '93. Bis.jpg|Palmira._Corte_a_peristilio._-_DecArch_1-108
1_SIRIA - Palmira|109) Palmira. Corte a peristilio. 20 marzo '93. Bis.jpg|Palmira._Corte_a_peristilio._-_DecArch_1-109
1_SIRIA - Palmira|110) Palmira. Corte a peristilio. 20 marzo '93. Bis.jpg|Palmira._Corte_a_peristilio._-_DecArch_1-110
1_SIRIA - Palmira|111) Palmira. Agorà, sala dei banchetti. 20 marzo '93. Bis.jpg|Palmira._Agorà,_sala_dei_banchetti._-_DecArch_1-111
1_SIRIA - Palmira|112) Palmira. Agorà. 20 marzo '93. Bis.jpg|Palmira._Agorà._-_DecArch_1-112
1_SIRIA - Palmira|113) Palmira. Agorà. 20 marzo '93. Bis.jpg|Palmira._Agorà._-_DecArch_1-113
1_SIRIA - Palmira|114) Palmira. Agorà 20 marzo '93. Bis.jpg|Palmira._Agorà_-_DecArch_1-114
1_SIRIA - Palmira|115) Palmira. Agorà. 2o marzo '93. Bis.jpg|Palmira._Agorà._-_DecArch_1-115
1_SIRIA - Palmira|116) Palmira. Agorà. Part.di Y 35. 20 marz0 '93. Bis.jpg|Palmira._Agorà._Part.di_Y_35._-_DecArch_1-116
1_SIRIA - Palmira|117) Palmira. Agorà. 20 marzo '93. Bis.jpg|Palmira._Agorà._-_DecArch_1-117
1_SIRIA - Palmira|118) Palmira. Agorà. 20 marzo '93. Bs.jpg|Palmira._Agorà._Bs_-_DecArch_1-118
1_SIRIA - Palmira|119) Palmira. Agorà. 20 marzo '93. Bis.jpg|Palmira._Agorà._-_DecArch_1-119
1_SIRIA - Palmira|120) Palmira. Corte del tariffario. 20 marzo '93. Bis.jpg|Palmira._Corte_del_tariffario._-_DecArch_1-120
1_SIRIA - Palmira|121) Palmira. Senato. 20 marzo '93. Bis.jpg|Palmira._Senato._-_DecArch_1-121
1_SIRIA - Palmira|122) Palmira. Senato. 20 marzo '93. Bis.jpg|Palmira._Senato._-_DecArch_1-122
1_SIRIA - Palmira|123) Palmira. Senato. 20 marzo '93. Bis.jpg|Palmira._Senato._-_DecArch_1-123
1_SIRIA - Palmira|124) Palmira. Teatro. 20 marzo '93. Bis.jpg|Palmira._Teatro._-_DecArch_1-124
1_SIRIA - Palmira|125) Palmira. Teatro. Trab. I Ordine. 20 marzo '93. Bis.jpg|Palmira._Teatro._Trab._I_Ordine._-_DecArch_1-125
1_SIRIA - Palmira|126) Palmira. Coronamento porta regia. 20 marzo '93. Bis.jpg|Palmira._Coronamento_porta_regia._-_DecArch_1-126
1_SIRIA - Palmira|127) Palmira. Teatro. 20 marzo '93. Bis.jpg|Palmira._Teatro._-_DecArch_1-127
1_SIRIA - Palmira|128) Palmira. Teatro. 20 marzo '93. Bis.jpg|Palmira._Teatro._-_DecArch_1-128
1_SIRIA - Palmira|129) Palmira. Portale al teatro della via colonnata. 20 marzo '93. Bis.jpg|Palmira._Portale_al_teatro_della_via_colonnata._-_DecArch_1-129
1_SIRIA - Palmira|130) Palmira. Portale al teatro della via colonnata. 20 marzo '93. Bis.jpg|Palmira._Portale_al_teatro_della_via_colonnata._-_DecArch_1-130
1_SIRIA - Palmira|131) Palmira. Campo di Diocleziano, tetrapilo. 20 marzo '93. Bis.jpg|Palmira._Campo_di_Diocleziano,_tetrapilo._-_DecArch_1-131
1_SIRIA - Palmira|132) Palmira. Campo di Diocleziano, tetrapilo. 20 marzo '93. Bis.jpg|Palmira._Campo_di_Diocleziano,_tetrapilo._-_DecArch_1-132
1_SIRIA - Palmira|133) Palmira. Campo di Diocleziano, via colonnata di accesso. 20 marzo '93. Bis.jpg|Palmira._Campo_di_Diocleziano,_via_colonnata_di_accesso._-_DecArch_1-133
1_SIRIA - Palmira|134) Palmira. Campo di Diocleziano, via colonnata di accesso. 20 marzo '93. Bis.jpg|Palmira._Campo_di_Diocleziano,_via_colonnata_di_accesso._-_DecArch_1-134
1_SIRIA - Palmira|135) Palmira. Campo di Diocleziano, propile. 20 marzo '93. Bisi.jpg|Palmira._Campo_di_Diocleziano,_propile._i_-_DecArch_1-135
1_SIRIA - Palmira|136) Palmira. Via colonnata tra T. funerario e campo di Diocleziano. 20 marzo '93. Bis.jpg|Palmira._Via_colonnata_tra_T._funerario_e_campo_di_Diocleziano._-_DecArch_1-136
1_SIRIA - Palmira|137) Palmira. Via colonnata tra T. funerario e campo di Diocleziano. 20 marzo '93. Bis.jpg|Palmira._Via_colonnata_tra_T._funerario_e_campo_di_Diocleziano._-_DecArch_1-137
1_SIRIA - Palmira|138) Palmira. Via colonnata tra T. funerario e campo di Diocleziano. 20 marzo '93. Bis.jpg|Palmira._Via_colonnata_tra_T._funerario_e_campo_di_Diocleziano._-_DecArch_1-138
1_SIRIA - Palmira|139) Palmira. Via colonnata tra T. funerario e campo di Diocleziano. 20 marzo '93. Bis.jpg|Palmira._Via_colonnata_tra_T._funerario_e_campo_di_Diocleziano._-_DecArch_1-139
1_SIRIA - Palmira|140) Palmira. Via colonnata tra T. funerario e campo di Diocleziano. 20 marzo '93. Bis.jpg|Palmira._Via_colonnata_tra_T._funerario_e_campo_di_Diocleziano._-_DecArch_1-140
1_SIRIA - Palmira|141) Palmira. T. funerario in rovina. part.di Beta 25. 20 marzo '93. Bis.jpg|Palmira._T._funerario_in_rovina._part.di_Beta_25._-_DecArch_1-141
1_SIRIA - Palmira|142) Palmira. T. funerario in rovina. Beta 25. 20 marzo '93. Bis.jpg|Palmira._T._funerario_in_rovina._Beta_25._-_DecArch_1-142
1_SIRIA - Palmira|143) Palmira. T. funerario in rovina. 20 marzo '93. Bis.jpg|Palmira._T._funerario_in_rovina._-_DecArch_1-143
1_SIRIA - Palmira|144) Palmira. T. funerario in rovina. 20 marzo '93. Bis.jpg|Palmira._T._funerario_in_rovina._-_DecArch_1-144
1_SIRIA - Palmira|145) Palmira. T. funerario in rovina. 20 marzo '93. Bis.jpg|Palmira._T._funerario_in_rovina._-_DecArch_1-145
1_SIRIA - Palmira|146) Palmira. T. funerario in rovina 20 marzo '93. Bis.jpg|Palmira._T._funerario_in_rovina_-_DecArch_1-146
1_SIRIA - Palmira|147) Palmira. T. funerario in rovina 20 marzo '93. Bis.jpg|Palmira._T._funerario_in_rovina_-_DecArch_1-147
1_SIRIA - Palmira|148) Palmira. T. funerario in rovina. Uguale a beta 23. 20 marzo '93. Bis.jpg|Palmira._T._funerario_in_rovina._Uguale_a_beta_23._-_DecArch_1-148
1_SIRIA - Palmira|149) Palmira. T. funerario in rovina. 20 marzo '93. Bis.jpg|Palmira._T._funerario_in_rovina._-_DecArch_1-149
1_SIRIA - Palmira|150) Palmira. T. funerario in rovina. 20 marzo '93. bis.jpg|Palmira._T._funerario_in_rovina._-_DecArch_1-150
1_SIRIA - Palmira|151) Palmira. T. funerario in rovina 20 marzo '93. Bis.jpg|Palmira._T._funerario_in_rovina_-_DecArch_1-151
1_SIRIA - Palmira|152) Palmira. T. funerario in rovina 20 marzo '93. Bis.jpg|Palmira._T._funerario_in_rovina_-_DecArch_1-152
1_SIRIA - Palmira|153) Palmira. T. funerario in rovina 20 marzo '93. Bis.jpg|Palmira._T._funerario_in_rovina_-_DecArch_1-153
1_SIRIA - Palmira|154) Palmira. T. funerario in rovina 20 marzo '93. Bis.jpg|Palmira._T._funerario_in_rovina_-_DecArch_1-154
1_SIRIA - Palmira|155) Palmira. T. funerario in rovina 20 marzo '93. Bis.jpg|Palmira._T._funerario_in_rovina_-_DecArch_1-155
1_SIRIA - Palmira|156) Palmira. T. funerario in rovina 20 marzo '93. Bis.jpg|Palmira._T._funerario_in_rovina_-_DecArch_1-156
1_SIRIA - Palmira|157) Palmira. T. funerario in rovina o arco. 20 marzo '93. Bis.jpg|Palmira._T._funerario_in_rovina_o_arco._-_DecArch_1-157
1_SIRIA - Palmira|158) Palmira. T. funerario, cornice lati cella 20 marzo '93. Bis.jpg|Palmira._T._funerario,_cornice_lati_cella_-_DecArch_1-158
1_SIRIA - Palmira|159) Palmira. T. funerario 20 marzo '93. Bis.jpg|Palmira._T._funerario_-_DecArch_1-159
1_SIRIA - Palmira|160) Palmira. T. funerario. 20 marzo '93. Bis.jpg|Palmira._T._funerario._-_DecArch_1-160
1_SIRIA - Palmira|161 Palmira. T. funerario. 20 marzo '93. Bis.jpg|Palmira._T._funerario._-_DecArch_1-161
1_SIRIA - Palmira|162) Palmira. T. funerario. 20 marzo '93. Bis.jpg|Palmira._T._funerario._-_DecArch_1-162
1_SIRIA - Palmira|163) Palmira. T. funerario. 20 marzo '93. Bis.jpg|Palmira._T._funerario._-_DecArch_1-163
1_SIRIA - Palmira|164) Palmira. T. funerario 20 marzo '93. Bis.jpg|Palmira._T._funerario_-_DecArch_1-164
1_SIRIA - Palmira|165) Palmira. Via colonnata Nord o arco. Dav T.fun. 20 marzo '93. Bis.jpg|Palmira._Via_colonnata_Nord_o_arco._Dav_T.fun._-_DecArch_1-165
1_SIRIA - Palmira|166) Palmira. Via colonnata Nord T.funerario. 20 marzo '93. Bis.jpg|Palmira._Via_colonnata_Nord_T.funerario._-_DecArch_1-166
1_SIRIA - Palmira|167) Palmira. Via colonnata dal tetrapilo al T. fun. 20 marzo '93. Bis.jpg|Palmira._Via_colonnata_dal_tetrapilo_al_T._fun._-_DecArch_1-167
1_SIRIA - Palmira|168) Palmira. Sant.di baal Shamin 20 marzo '93. Bis.jpg|Palmira._Sant.di_baal_Shamin_-_DecArch_1-168
1_SIRIA - Palmira|169 Palmira. Sant.di baal Shamin, corte nord, porticato sud. 20 marzo '93. Bis.jpg|Palmira._Sant.di_baal_Shamin,_corte_nord,_porticato_sud._-_DecArch_1-169
1_SIRIA - Palmira|170) Palmira. Sant.di baal Shamin, corte nord, porticato sud. 20 marzo '93. Bis.jpg|Palmira._Sant.di_baal_Shamin,_corte_nord,_porticato_sud._-_DecArch_1-170
1_SIRIA - Palmira|171) Palmira. Sant.di baal Shamin, corte sud 20 marzo '93. Bis.jpg|Palmira._Sant.di_baal_Shamin,_corte_sud_-_DecArch_1-171
1_SIRIA - Palmira|172) Palmira. T.di baal Shamin, interno cella 20 marzo '93. Bis.jpg|Palmira._T.di_baal_Shamin,_interno_cella_-_DecArch_1-172
1_SIRIA - Palmira|173) Palmira. T. di baal Shamin, interno cella 20 marzo '93. Bis.jpg|Palmira._T._di_baal_Shamin,_interno_cella_-_DecArch_1-173
1_SIRIA - Palmira|174) Palmira. T. di baal Shamin, interno cella 20 marzo '93. Bis.jpg|Palmira._T._di_baal_Shamin,_interno_cella_-_DecArch_1-174
1_SIRIA - Palmira|175) Palmira. T. di baal Shamin, finestra muro cella 20 marzo '93. Bis.jpg|Palmira._T._di_baal_Shamin,_finestra_muro_cella_-_DecArch_1-175
1_SIRIA - Palmira|176) Palmira. T. di Baal Shamin, trab.princ. 20 marzo '93. Bis.jpg|Palmira._T._di_Baal_Shamin,_trab.princ._-_DecArch_1-176
1_SIRIA - Palmira|177) Palmira. T. di baal Shamin, pronao 20 marzo '93. Bis.jpg|Palmira._T._di_baal_Shamin,_pronao_-_DecArch_1-177
1_SIRIA - Palmira|178) Palmira. T. di baal Shamin 20 marzo '93. Bis.jpg|Palmira._T._di_baal_Shamin_-_DecArch_1-178
1_SIRIA - Palmira|179) Palmira. T. di baal Shamin da nord. 20 marzo '93. Bis.jpg|Palmira._T._di_baal_Shamin_da_nord._-_DecArch_1-179
1_SIRIA - Palmira|180) Palmira. Via colonnata dal campo di Diocleziano alla porta di Damasco. 20 marzo '93. Bis.jpg|Palmira._Via_colonnata_dal_campo_di_Diocleziano_alla_porta_di_Damasco._-_DecArch_1-180
1_SIRIA - Palmira|181) Palmira. Via colonnata dal campo di Diocleziano alla porta di Damasco. 20 marzo '93. Bis.jpg|Palmira._Via_colonnata_dal_campo_di_Diocleziano_alla_porta_di_Damasco._-_DecArch_1-181
1_SIRIA - Palmira|182) Palmira. Via colonnata verso porta di Damasco. 20 marzo '93. Bis.jpg|Palmira._Via_colonnata_verso_porta_di_Damasco._-_DecArch_1-182
1_SIRIA - Palmira|183) Palmira. Tempio di Allat. 20 marzo '93. Bis.jpg|Palmira._Tempio_di_Allat._-_DecArch_1-183
1_SIRIA - Palmira|184) Palmira. Campo di Diocleziano 20 marzo '93. Bis.jpg|Palmira._Campo_di_Diocleziano_-_DecArch_1-184
1_SIRIA - Palmira|185) Palmira. Tempio di Allat, propilei 20 marzo '93. Bis.jpg|Palmira._Tempio_di_Allat,_propilei_-_DecArch_1-185
1_SIRIA - Palmira|186) Palmira. Tempio di Allat. 20 marzo '93. Bis.jpg|Palmira._Tempio_di_Allat._-_DecArch_1-186
1_SIRIA - Palmira|187) Palmira. Campo di Diocleziano. 20 marzo '93.. Bis.jpg|Palmira._Campo_di_Diocleziano._._-_DecArch_1-187
1_SIRIA - Palmira|188) Palmira. Tempio di Allat, propilei. 20 marzo '93. Bis.jpg|Palmira._Tempio_di_Allat,_propilei._-_DecArch_1-188
1_SIRIA - Palmira|189) Palmira. Tempio di Allat. 20 marzo '93. Bis.jpg|Palmira._Tempio_di_Allat._-_DecArch_1-189
1_SIRIA - Palmira|190) Palmira. Campo di Diocleziano. 20 marzo '93. Bis.jpg|Palmira._Campo_di_Diocleziano._-_DecArch_1-190
1_SIRIA - Palmira|191) Palmira. Campo di Diocleziano 20 marzo '93. Bis.jpg|Palmira._Campo_di_Diocleziano_-_DecArch_1-191
1_SIRIA - Palmira|192) Palmira. Campo di Diocleziano 20 marzo '93. Bis.jpg|Palmira._Campo_di_Diocleziano_-_DecArch_1-192
1_SIRIA - Palmira|193) Palmira. Campo di Diocleziano 20 marzo '93. Bis.jpg|Palmira._Campo_di_Diocleziano_-_DecArch_1-193
1_SIRIA - Palmira|194) Palmira. Campo di Diocleziano 20 marzo '93. bis.jpg|Palmira._Campo_di_Diocleziano_-_DecArch_1-194
1_SIRIA - Palmira|195) Palmira. Campo di Diocleziano 20 marzo '93 Bis.jpg|Palmira._Campo_di_Diocleziano_-_DecArch_1-195
1_SIRIA - Palmira|196) Palmira. Campo di Diocleziano 20 marzo '93. Bis.jpg|Palmira._Campo_di_Diocleziano_-_DecArch_1-196
1_SIRIA - Palmira|197) Palmira. Campo di Diocleziano 20 marzo '93. Bis.jpg|Palmira._Campo_di_Diocleziano_-_DecArch_1-197
1_SIRIA - Palmira|198) Palmira. Campo di Diocleziano 20 marzo '93. Bis.jpg|Palmira._Campo_di_Diocleziano_-_DecArch_1-198
1_SIRIA - Palmira|199) Palmira. Campo di Diocleziano. Part.di Alfa 29. 20 marzo '93 Bis.jpg|Palmira._Campo_di_Diocleziano._Part.di_Alfa_29._-_DecArch_1-199
1_SIRIA - Palmira|200) Palmira. Campo di Diocleziano. Alfa 29. 20 marzo '93. Bis.jpg|Palmira._Campo_di_Diocleziano._Alfa_29._-_DecArch_1-200
1_SIRIA - Palmira|201) Palmira. Campo di Diocleziano. 20 marzo '93. Bis.jpg|Palmira._Campo_di_Diocleziano._-_DecArch_1-201
1_SIRIA - Palmira|202) Palmira. Campo di Diocleziano. 20 marzo '93. Bis.jpg|Palmira._Campo_di_Diocleziano._-_DecArch_1-202
1_SIRIA - Palmira|203) Palmira. Campo di Diocleziano. 20 marzo '93. Bis.jpg|Palmira._Campo_di_Diocleziano._-_DecArch_1-203
1_SIRIA - Palmira|204) Palmira. Campo di Diocleziano 20 marzo '93. Bis.jpg|Palmira._Campo_di_Diocleziano_-_DecArch_1-204
1_SIRIA - Palmira|205) Palmira. Campo di Diocleziano 20 marz0 '93 Bis.jpg|Palmira._Campo_di_Diocleziano_-_DecArch_1-205
1_SIRIA - Palmira|206) Palmira. Campo di Diocleziano 20 marzo '93. Bis.jpg|Palmira._Campo_di_Diocleziano_-_DecArch_1-206
1_SIRIA - Palmira|207) Palmira. Campo di Diocleziano 20 marzo '93 Bis.jpg|Palmira._Campo_di_Diocleziano_-_DecArch_1-207
1_SIRIA - Palmira|208) Palmira. Campo di Diocleziano 20 marzo '93. Bis.jpg|Palmira._Campo_di_Diocleziano_-_DecArch_1-208
1_SIRIA - Palmira|209) Palmira. Campo di Diocleziano, pretorio, corte antistante 20 marzo '93 Bis.jpg|Palmira._Campo_di_Diocleziano,_pretorio,_corte_antistante_-_DecArch_1-209
1_SIRIA - Palmira|210) Palmira. Campo di Diocleziano, Praetorium 20 marzo '93 Bis.jpg|Palmira._Campo_di_Diocleziano,_Praetorium_-_DecArch_1-210
1_SIRIA - Palmira|211) Palmira. Campo di Diocleziano, Praetorium 20 marz0 '93. Bis.jpg|Palmira._Campo_di_Diocleziano,_Praetorium_-_DecArch_1-211
1_SIRIA - Palmira|212) Palmira. Campo di Diocleziano, Praetorium 20 marzo '93. Bis.jpg|Palmira._Campo_di_Diocleziano,_Praetorium_-_DecArch_1-212
1_SIRIA - Palmira|213) Palmira. Campo di Diocleziano, Praetorium 20 marzo '93. Bis.jpg|Palmira._Campo_di_Diocleziano,_Praetorium_-_DecArch_1-213
1_SIRIA - Palmira|214) Palmira. Campo di Diocleziano, via colonnata di accesso 20 marzo '93. Bis.jpg|Palmira._Campo_di_Diocleziano,_via_colonnata_di_accesso_-_DecArch_1-214
1_SIRIA - Palmira|215) Palmira. Campo di Diocleziano, tetrapilo 20 marzo '93. bis.jpg|Palmira._Campo_di_Diocleziano,_tetrapilo_-_DecArch_1-215
1_SIRIA - Palmira|216) Palmira. Museo. 20 marzo '93. Bis.jpg|Palmira._Museo._-_DecArch_1-216
1_SIRIA - Palmira|217) Palmira. Museo. 20 Marzo '93. Bis.jpg|Palmira._Museo._-_DecArch_1-217
1_SIRIA - Palmira|218) Palmira. Museo. 20 Marzo '93. Bis.jpg|Palmira._Museo._-_DecArch_1-218
1_SIRIA - Palmira|219) Palmira. Museo. 20 marzo '93. Bis.jpg|Palmira._Museo._-_DecArch_1-219
1_SIRIA - Palmira|220) Palmira. Museo. 20 marzo '93. Bis.jpg|Palmira._Museo._-_DecArch_1-220
1_SIRIA - Palmira|221) Palmira. Museo. 20 marzo '93. Bis.jpg|Palmira._Museo._-_DecArch_1-221
1_SIRIA - Palmira|222) Palmira. Museo. 20 Marzo '93. Bis.jpg|Palmira._Museo._-_DecArch_1-222
1_SIRIA - Palmira|223) Palmira. Museo 20 marzo '93. Bis.jpg|Palmira._Museo_-_DecArch_1-223
1_SIRIA - Palmira|224) Palmira. Museo 20 marzo '93. Bis.jpg|Palmira._Museo_-_DecArch_1-224
1_SIRIA - Palmira|225) Palmira. Museo 20 marzo '93. Bis.jpg|Palmira._Museo_-_DecArch_1-225
1_SIRIA - Palmira|226) Palmira. Museo 20 marzo '93. Bis.jpg|Palmira._Museo_-_DecArch_1-226
1_SIRIA - Palmira|227) Palmira. Museo. 20 marzo '93. Bis.jpg|Palmira._Museo._-_DecArch_1-227
1_SIRIA - Palmira|228) Palmira. Museo. 20 marzo '93. Bis.jpg|Palmira._Museo._-_DecArch_1-228
1_SIRIA - Palmira|229) Palmira. Museo. 20 marzo '93. Bis.jpg|Palmira._Museo._-_DecArch_1-229
1_SIRIA - Palmira|230) Palmira. Museo. 20 marzo '93. Bis.jpg|Palmira._Museo._-_DecArch_1-230
1_SIRIA - Palmira|231) Palmira. Tomba a ipogeo. 20 marzo '93. Bis.jpg|Palmira._Tomba_a_ipogeo._-_DecArch_1-231
1_SIRIA - Palmira|232) Palmira. Tomba a ipogeo. 20 marzo '93. Bis.jpg|Palmira._Tomba_a_ipogeo._-_DecArch_1-232
1_SIRIA - Palmira|233) Palmira. Tomba a ipogeo. 20 marzo '93. Bis.jpg|Palmira._Tomba_a_ipogeo._-_DecArch_1-233
1_SIRIA - Palmira|234) Palmira. Tomba a ipogeo. 20 marzo '93. Bis.jpg|Palmira._Tomba_a_ipogeo._-_DecArch_1-234
1_SIRIA - Palmira|235) Palmira. Tomba dei 3 fratelli. 20 marzo '93. Bis.jpg|Palmira._Tomba_dei_3_fratelli._-_DecArch_1-235
1_SIRIA - Palmira|236) Palmira. Tombe. 20 marzo '93. Bis.jpg|Palmira._Tombe._-_DecArch_1-236
1_SIRIA - Palmira|237) Palmira. Tomba dei 3 fratelli. 20 marzo '93. Bis.jpg|Palmira._Tomba_dei_3_fratelli._-_DecArch_1-237
1_SIRIA - Palmira|238) Palmira. Tombe. 20 marzo '93. Bis.jpg|Palmira._Tombe._-_DecArch_1-238
1_SIRIA - Palmira|239) Palmira. Tomba dei 3 fratelli. 20 marzo '93. Bis.jpg|Palmira._Tomba_dei_3_fratelli._-_DecArch_1-239
1_SIRIA - Palmira|240 Palmira. Tombe. 20 marzo '93. Bis.jpg|Palmira._Tombe._-_DecArch_1-240
1_SIRIA - Palmira|241) Palmira. Necropoli, zona tombe a torre. 20 marzo '93. Bis.jpg|Palmira._Necropoli,_zona_tombe_a_torre._-_DecArch_1-241
1_SIRIA - Palmira|242) Palmira. Tomba dei 3 fratelli. 20 marzo '93. Bis.jpg|Palmira._Tomba_dei_3_fratelli._-_DecArch_1-242
1_SIRIA - Palmira|243) Palmira. Peristilio casa. 20 marzo '93. Bis.jpg|Palmira._Peristilio_casa._-_DecArch_1-243
1_SIRIA - Palmira|244) Palmira. Peristilio casa 20 marzo '93. Bis.jpg|Palmira._Peristilio_casa_-_DecArch_1-244
1_SIRIA - Palmira|245) Palmira. T. di baal Shamin, porta cella. 20 marzo '93. Bis.jpg|Palmira._T._di_baal_Shamin,_porta_cella._-_DecArch_1-245
2_SIRIA - Damasco e Bosra e Apamea e S. Simeone e Sergiopolis e Aleppo|1 Damasco. Museo. 20 Marzo '93 Bis.jpg|Damasco._Museo._-_DecArch_2-1
2_SIRIA - Damasco e Bosra e Apamea e S. Simeone e Sergiopolis e Aleppo|2 Damasco. Museo. 20 Marzo '93 Bis.jpg|Damasco._Museo._-_DecArch_2-2
2_SIRIA - Damasco e Bosra e Apamea e S. Simeone e Sergiopolis e Aleppo|3 Damasco. Museo. 20 Marzo '93 Bis.jpg|Damasco._Museo._-_DecArch_2-3
2_SIRIA - Damasco e Bosra e Apamea e S. Simeone e Sergiopolis e Aleppo|4 Damasco. Museo. 20 Marzo '93 Bis.jpg|Damasco._Museo._-_DecArch_2-4
2_SIRIA - Damasco e Bosra e Apamea e S. Simeone e Sergiopolis e Aleppo|5 Damasco. Museo. 20 Marzo '93 Bis.jpg|Damasco._Museo._-_DecArch_2-5
2_SIRIA - Damasco e Bosra e Apamea e S. Simeone e Sergiopolis e Aleppo|6 Damasco. Museo. 20 Marzo '93 Bis.jpg|Damasco._Museo._-_DecArch_2-6
2_SIRIA - Damasco e Bosra e Apamea e S. Simeone e Sergiopolis e Aleppo|7 Damasco. Museo. 20 Marzo '93 Bis.jpg|Damasco._Museo._-_DecArch_2-7
2_SIRIA - Damasco e Bosra e Apamea e S. Simeone e Sergiopolis e Aleppo|8 Damasco. Museo. 20 Marzo '93 Bis.jpg|Damasco._Museo._-_DecArch_2-8
2_SIRIA - Damasco e Bosra e Apamea e S. Simeone e Sergiopolis e Aleppo|9 Damasco. Museo. 20 Marzo '93 Bis.jpg|Damasco._Museo._-_DecArch_2-9
2_SIRIA - Damasco e Bosra e Apamea e S. Simeone e Sergiopolis e Aleppo|10 Damasco. Museo. 20 Marzo '93 Bis.jpg|Damasco._Museo._-_DecArch_2-10
2_SIRIA - Damasco e Bosra e Apamea e S. Simeone e Sergiopolis e Aleppo|11 Damasco. Museo. 20 Marzo '93 Bis.jpg|Damasco._Museo._-_DecArch_2-11
2_SIRIA - Damasco e Bosra e Apamea e S. Simeone e Sergiopolis e Aleppo|12 Damasco. Museo. 20 Marzo '93 Bis.jpg|Damasco._Museo._-_DecArch_2-12
2_SIRIA - Damasco e Bosra e Apamea e S. Simeone e Sergiopolis e Aleppo|13 Damasco. Museo. 20 Marzo '93 Bis.jpg|Damasco._Museo._-_DecArch_2-13
2_SIRIA - Damasco e Bosra e Apamea e S. Simeone e Sergiopolis e Aleppo|14 Damasco. Museo. 20 Marzo '93 Bis.jpg|Damasco._Museo._-_DecArch_2-14
2_SIRIA - Damasco e Bosra e Apamea e S. Simeone e Sergiopolis e Aleppo|15 Damasco. Museo. 20 Marzo '93 Bis.jpg|Damasco._Museo._-_DecArch_2-15
2_SIRIA - Damasco e Bosra e Apamea e S. Simeone e Sergiopolis e Aleppo|16 Damasco. Museo. 20 Marzo '93 Bis.jpg|Damasco._Museo._-_DecArch_2-16
2_SIRIA - Damasco e Bosra e Apamea e S. Simeone e Sergiopolis e Aleppo|17 Damasco. Museo. 20 Marzo '93 Bis.jpg|Damasco._Museo._-_DecArch_2-17
2_SIRIA - Damasco e Bosra e Apamea e S. Simeone e Sergiopolis e Aleppo|18 Damasco. Museo. 20 Marzo '93 Bis.jpg|Damasco._Museo._-_DecArch_2-18
2_SIRIA - Damasco e Bosra e Apamea e S. Simeone e Sergiopolis e Aleppo|19 Damasco. Museo. 20 Marzo '93 bis.jpg|Damasco._Museo._-_DecArch_2-19
2_SIRIA - Damasco e Bosra e Apamea e S. Simeone e Sergiopolis e Aleppo|20 Damasco. Museo. 20 Marzo '93 Bis.jpg|Damasco._Museo._-_DecArch_2-20
2_SIRIA - Damasco e Bosra e Apamea e S. Simeone e Sergiopolis e Aleppo|21 Damasco. Museo. 20 Marzo '93 Bis.jpg|Damasco._Museo._-_DecArch_2-21
2_SIRIA - Damasco e Bosra e Apamea e S. Simeone e Sergiopolis e Aleppo|22 Damasco. Museo. 20 Marzo '93 Bis.jpg|Damasco._Museo._-_DecArch_2-22
2_SIRIA - Damasco e Bosra e Apamea e S. Simeone e Sergiopolis e Aleppo|23 Philippopoli. Teatro. 20 Marzo '93 Bis.jpg|Philippopoli._Teatro._-_DecArch_2-23
2_SIRIA - Damasco e Bosra e Apamea e S. Simeone e Sergiopolis e Aleppo|24 Philippopoli. Mausoleo del padre di Filippo l'Arabo. Iscrizione. 20 Marzo '93 Bis.jpg|Philippopoli._Mausoleo_del_padre_di_Filippo_l'Arabo._Iscrizione._-_DecArch_2-24
2_SIRIA - Damasco e Bosra e Apamea e S. Simeone e Sergiopolis e Aleppo|25 Bosra. Porta del vento. 20 Marzo '93 Bis.jpg|Bosra._Porta_del_vento._-_DecArch_2-25
2_SIRIA - Damasco e Bosra e Apamea e S. Simeone e Sergiopolis e Aleppo|26 Bosra. Via colonnata. 20 Marzo '93 Bis.jpg|Bosra._Via_colonnata._-_DecArch_2-26
2_SIRIA - Damasco e Bosra e Apamea e S. Simeone e Sergiopolis e Aleppo|27 Bosra. Via colonnata. 20 Marzo '93 Bis.jpg|Bosra._Via_colonnata._-_DecArch_2-27
2_SIRIA - Damasco e Bosra e Apamea e S. Simeone e Sergiopolis e Aleppo|28 Bosra. Via colonnata. 20 Marzo '93 Bis.jpg|Bosra._Via_colonnata._-_DecArch_2-28
2_SIRIA - Damasco e Bosra e Apamea e S. Simeone e Sergiopolis e Aleppo|29 Bosra. 20 Marzo '93 Bis.jpg|Bosra._-_DecArch_2-29
2_SIRIA - Damasco e Bosra e Apamea e S. Simeone e Sergiopolis e Aleppo|30 Bosra. 20 Marzo '93 Bis.jpg|Bosra._-_DecArch_2-30
2_SIRIA - Damasco e Bosra e Apamea e S. Simeone e Sergiopolis e Aleppo|31 Bosra. Via colonnata. 20 Marzo '93 Bis.jpg|Bosra._Via_colonnata._-_DecArch_2-31
2_SIRIA - Damasco e Bosra e Apamea e S. Simeone e Sergiopolis e Aleppo|32 Bosra. Ninfeo. 20 Marzo '93 Bis.jpg|Bosra._Ninfeo._-_DecArch_2-32
2_SIRIA - Damasco e Bosra e Apamea e S. Simeone e Sergiopolis e Aleppo|33 Bosra. Ninfeo. 20 Marzo '93 Bis.jpg|Bosra._Ninfeo._-_DecArch_2-33
2_SIRIA - Damasco e Bosra e Apamea e S. Simeone e Sergiopolis e Aleppo|34 Bosra. Kalibe. 20 Marzo '93 Bis.jpg|Bosra._Kalibe._-_DecArch_2-34
2_SIRIA - Damasco e Bosra e Apamea e S. Simeone e Sergiopolis e Aleppo|35 Bosra. Kalibe. 20 Marzo '93 Bis.jpg|Bosra._Kalibe._-_DecArch_2-35
2_SIRIA - Damasco e Bosra e Apamea e S. Simeone e Sergiopolis e Aleppo|36 Bosra. Via colonnata. 20 Marzo '93 Bis.jpg|Bosra._Via_colonnata._-_DecArch_2-36
2_SIRIA - Damasco e Bosra e Apamea e S. Simeone e Sergiopolis e Aleppo|37 Bosra. Via colonnata. 20 Marzo '93 Bis.jpg|Bosra._Via_colonnata._-_DecArch_2-37
2_SIRIA - Damasco e Bosra e Apamea e S. Simeone e Sergiopolis e Aleppo|38 Bosra ( part. di K 24). 20 Marzo '93 Bis.jpg|Bosra_(_part._di_K_24)._-_DecArch_2-38
2_SIRIA - Damasco e Bosra e Apamea e S. Simeone e Sergiopolis e Aleppo|39 Bosra. 20 Marzo '93 Bis.jpg|Bosra._-_DecArch_2-39
2_SIRIA - Damasco e Bosra e Apamea e S. Simeone e Sergiopolis e Aleppo|40 Bosra (K 24). 20 Marzo '93 Bis.jpg|Bosra_(K_24)._-_DecArch_2-40
2_SIRIA - Damasco e Bosra e Apamea e S. Simeone e Sergiopolis e Aleppo|41 Bosra. 20 Marzo '93 Bis.jpg|Bosra._-_DecArch_2-41
2_SIRIA - Damasco e Bosra e Apamea e S. Simeone e Sergiopolis e Aleppo|42 Bosra. 20 Marzo '93 Bis.jpg|Bosra._-_DecArch_2-42
2_SIRIA - Damasco e Bosra e Apamea e S. Simeone e Sergiopolis e Aleppo|43 Bosra. 20 Marzo '93 Bis.jpg|Bosra._-_DecArch_2-43
2_SIRIA - Damasco e Bosra e Apamea e S. Simeone e Sergiopolis e Aleppo|44 Bosra. 20 Marzo '93 Bis.jpg|Bosra._-_DecArch_2-44
2_SIRIA - Damasco e Bosra e Apamea e S. Simeone e Sergiopolis e Aleppo|45 Bosra (part. di K 18). 20 Marzo '93 Bis.jpg|Bosra_(part._di_K_18)._-_DecArch_2-45
2_SIRIA - Damasco e Bosra e Apamea e S. Simeone e Sergiopolis e Aleppo|46 Bosra (K 18). 20 Marzo '93 Bis.jpg|Bosra_(K_18)._-_DecArch_2-46
2_SIRIA - Damasco e Bosra e Apamea e S. Simeone e Sergiopolis e Aleppo|47 Bosra. Pretorio. 20 Marzo '93 Bis.jpg|Bosra._Pretorio._-_DecArch_2-47
2_SIRIA - Damasco e Bosra e Apamea e S. Simeone e Sergiopolis e Aleppo|48 Bosra. Antiquarium Teatro. 20 Marzo '93 Bis.jpg|Bosra._Antiquarium_Teatro._-_DecArch_2-48
2_SIRIA - Damasco e Bosra e Apamea e S. Simeone e Sergiopolis e Aleppo|49 Bosra. Antiquarium Teatro. 20 Marzo '93 Bis.jpg|Bosra._Antiquarium_Teatro._-_DecArch_2-49
2_SIRIA - Damasco e Bosra e Apamea e S. Simeone e Sergiopolis e Aleppo|50 Bosra. Antiquarium Teatro. 20 Marzo '93 Bis.jpg|Bosra._Antiquarium_Teatro._-_DecArch_2-50
2_SIRIA - Damasco e Bosra e Apamea e S. Simeone e Sergiopolis e Aleppo|51 Damasco. Grande Moschea, lato sud. 20 marzo '93. Bis.jpg|Damasco._Grande_Moschea,_lato_sud._-_DecArch_2-51
2_SIRIA - Damasco e Bosra e Apamea e S. Simeone e Sergiopolis e Aleppo|52 Damasco. Temenos Tempio di Zeus (se Grande Moschea). 20 marzo '93. Bis.jpg|Damasco._Temenos_Tempio_di_Zeus_(se_Grande_Moschea)._-_DecArch_2-52
2_SIRIA - Damasco e Bosra e Apamea e S. Simeone e Sergiopolis e Aleppo|53 Damasco. Granse Moschea, lato sud. 20 marzo '93. Bis.jpg|Damasco._Granse_Moschea,_lato_sud._-_DecArch_2-53
2_SIRIA - Damasco e Bosra e Apamea e S. Simeone e Sergiopolis e Aleppo|54 Damasco. Temenos Tempio di Zeus (se Grande Moschea). 20 marzo '93. Bis.jpg|Damasco._Temenos_Tempio_di_Zeus_(se_Grande_Moschea)._-_DecArch_2-54
2_SIRIA - Damasco e Bosra e Apamea e S. Simeone e Sergiopolis e Aleppo|55 Damasco. Propilei della Grande Moschea. 20 marzo '93. Bis.jpg|Damasco._Propilei_della_Grande_Moschea._-_DecArch_2-55
2_SIRIA - Damasco e Bosra e Apamea e S. Simeone e Sergiopolis e Aleppo|56 Damasco. Propilei della Grande Moschea. 20 marzo '93. Bis.jpg|Damasco._Propilei_della_Grande_Moschea._-_DecArch_2-56
2_SIRIA - Damasco e Bosra e Apamea e S. Simeone e Sergiopolis e Aleppo|57 Damasco. Propilei della Grande Moschea. 20 marzo '93. Bis.jpg|Damasco._Propilei_della_Grande_Moschea._-_DecArch_2-57
2_SIRIA - Damasco e Bosra e Apamea e S. Simeone e Sergiopolis e Aleppo|58 Damasco. Propilei della Grande Moschea, 20 marzo '93. Bis.jpg|Damasco._Propilei_della_Grande_Moschea,_-_DecArch_2-58
2_SIRIA - Damasco e Bosra e Apamea e S. Simeone e Sergiopolis e Aleppo|59 Damasco. Grande Moschea, casa delle campane 20 marzo '93. Bis.jpg|Damasco._Grande_Moschea,_casa_delle_campane_-_DecArch_2-59
2_SIRIA - Damasco e Bosra e Apamea e S. Simeone e Sergiopolis e Aleppo|60 Damasco. Grande Moschea, casa delle campane. 20 marzo '93. Bis.jpg|Damasco._Grande_Moschea,_casa_delle_campane._-_DecArch_2-60
2_SIRIA - Damasco e Bosra e Apamea e S. Simeone e Sergiopolis e Aleppo|61 Damasco. Grande Moscea, casa delle campane. 20 marzo '93. Bis.jpg|Damasco._Grande_Moscea,_casa_delle_campane._-_DecArch_2-61
2_SIRIA - Damasco e Bosra e Apamea e S. Simeone e Sergiopolis e Aleppo|62 Damasco. Grande Moscea, casa delle campane. 20 marzo '93. Bis..jpg|Damasco._Grande_Moscea,_casa_delle_campane._._-_DecArch_2-62
2_SIRIA - Damasco e Bosra e Apamea e S. Simeone e Sergiopolis e Aleppo|63 Damasco. Grande Moscea, casa delle campane. 20 marzo '93. Bis.jpg|Damasco._Grande_Moscea,_casa_delle_campane._-_DecArch_2-63
2_SIRIA - Damasco e Bosra e Apamea e S. Simeone e Sergiopolis e Aleppo|64 Damasco. Grande Moscea, casa delle campane. 20 marzo '93. Bis.jpg|Damasco._Grande_Moscea,_casa_delle_campane._-_DecArch_2-64
2_SIRIA - Damasco e Bosra e Apamea e S. Simeone e Sergiopolis e Aleppo|65 Damasco. Grande Moscea, casa delle campane. 20 marzo '93. Bis.jpg|Damasco._Grande_Moscea,_casa_delle_campane._-_DecArch_2-65
2_SIRIA - Damasco e Bosra e Apamea e S. Simeone e Sergiopolis e Aleppo|66 Damasco. Grande Moscea, casa delle campane. 20 marzo '93. Bis.jpg|Damasco._Grande_Moscea,_casa_delle_campane._-_DecArch_2-66
2_SIRIA - Damasco e Bosra e Apamea e S. Simeone e Sergiopolis e Aleppo|67 Damasco. Grande Moscea. 20 marzo '93. Bis.jpg|Damasco._Grande_Moscea._-_DecArch_2-67
2_SIRIA - Damasco e Bosra e Apamea e S. Simeone e Sergiopolis e Aleppo|68 Damasco. Grande Moscea. 20 marzo '93. Bis.jpg|Damasco._Grande_Moscea._-_DecArch_2-68
2_SIRIA - Damasco e Bosra e Apamea e S. Simeone e Sergiopolis e Aleppo|69 Damasco. Grande Moscea, Tesoro. 20 marzo '93. Bis.jpg|Damasco._Grande_Moscea,_Tesoro._-_DecArch_2-69
2_SIRIA - Damasco e Bosra e Apamea e S. Simeone e Sergiopolis e Aleppo|70 Damasco. Grande Moscea, Tesoro. 20 marzo '93. Bis..jpg|Damasco._Grande_Moscea,_Tesoro._._-_DecArch_2-70
2_SIRIA - Damasco e Bosra e Apamea e S. Simeone e Sergiopolis e Aleppo|71 Damasco. Grande Moscea, Tesoro. 20 marzo '93. Bis.jpg|Damasco._Grande_Moscea,_Tesoro._-_DecArch_2-71
2_SIRIA - Damasco e Bosra e Apamea e S. Simeone e Sergiopolis e Aleppo|72 Damasco. Grande Moscea, Tesoro. 20 marzo '93.Bis.jpg|Damasco._Grande_Moscea,_Tesoro._-_DecArch_2-72
2_SIRIA - Damasco e Bosra e Apamea e S. Simeone e Sergiopolis e Aleppo|73 Damasco. Grande Moscea, opus sectile portico est. 20 marzo '93. Bis.jpg|Damasco._Grande_Moscea,_opus_sectile_portico_est._-_DecArch_2-73
2_SIRIA - Damasco e Bosra e Apamea e S. Simeone e Sergiopolis e Aleppo|74 Damasco. Grande Moscea, mosaico portico ovest. 20 marzo '93.Bis.jpg|Damasco._Grande_Moscea,_mosaico_portico_ovest._-_DecArch_2-74
2_SIRIA - Damasco e Bosra e Apamea e S. Simeone e Sergiopolis e Aleppo|75 Damasco. Grande Moscea, Mosaico facciata 20 marzo '93. Bis.jpg|Damasco._Grande_Moscea,_Mosaico_facciata_-_DecArch_2-75
2_SIRIA - Damasco e Bosra e Apamea e S. Simeone e Sergiopolis e Aleppo|76 Damasco. Grande Moscea, Facciata, 20 marzo '93.Bis.jpg|Damasco._Grande_Moscea,_Facciata,_-_DecArch_2-76
2_SIRIA - Damasco e Bosra e Apamea e S. Simeone e Sergiopolis e Aleppo|77 Damasco. Museo 20 marzo '93. Bis.jpg|Damasco._Museo_-_DecArch_2-77
2_SIRIA - Damasco e Bosra e Apamea e S. Simeone e Sergiopolis e Aleppo|78 Damasco. Museo 20 marzo '93. Bis.jpg|Damasco._Museo_-_DecArch_2-78
2_SIRIA - Damasco e Bosra e Apamea e S. Simeone e Sergiopolis e Aleppo|79 Damasco. Museo 20 marzo '93. Bis.jpg|Damasco._Museo_-_DecArch_2-79
2_SIRIA - Damasco e Bosra e Apamea e S. Simeone e Sergiopolis e Aleppo|80 Damasco. Museo 20 marzo '93. Bis.jpg|Damasco._Museo_-_DecArch_2-80
2_SIRIA - Damasco e Bosra e Apamea e S. Simeone e Sergiopolis e Aleppo|81 Damasco. Museo 20 marzo '93. Bis.jpg|Damasco._Museo_-_DecArch_2-81
2_SIRIA - Damasco e Bosra e Apamea e S. Simeone e Sergiopolis e Aleppo|82 Damasco. Museo 20 marzo '93. Bis.jpg|Damasco._Museo_-_DecArch_2-82
2_SIRIA - Damasco e Bosra e Apamea e S. Simeone e Sergiopolis e Aleppo|83 Damasco. Museo 20 marzo '93. Bis.jpg|Damasco._Museo_-_DecArch_2-83
2_SIRIA - Damasco e Bosra e Apamea e S. Simeone e Sergiopolis e Aleppo|84 Damasco. Museo 20 marzo '93. Bis.jpg|Damasco._Museo_-_DecArch_2-84
2_SIRIA - Damasco e Bosra e Apamea e S. Simeone e Sergiopolis e Aleppo|85 Damasco. Museo 20 marzo '93. Bis.jpg|Damasco._Museo_-_DecArch_2-85
2_SIRIA - Damasco e Bosra e Apamea e S. Simeone e Sergiopolis e Aleppo|86 Damasco. Museo 23 marzo '93. Bis.jpg|Damasco._Museo_-_DecArch_2-86
2_SIRIA - Damasco e Bosra e Apamea e S. Simeone e Sergiopolis e Aleppo|87 Damasco. Museo. 20 marzo '93. Bis.jpg|Damasco._Museo._-_DecArch_2-87
2_SIRIA - Damasco e Bosra e Apamea e S. Simeone e Sergiopolis e Aleppo|88 Damasco. Museo. 20 marzo '93. Bis.jpg|Damasco._Museo._-_DecArch_2-88
2_SIRIA - Damasco e Bosra e Apamea e S. Simeone e Sergiopolis e Aleppo|89 Damasco. Museo. 20 marzo '93. Bis.jpg|Damasco._Museo._-_DecArch_2-89
2_SIRIA - Damasco e Bosra e Apamea e S. Simeone e Sergiopolis e Aleppo|90 Damasco. Museo. 20 marzo '93. Bis.jpg|Damasco._Museo._-_DecArch_2-90
2_SIRIA - Damasco e Bosra e Apamea e S. Simeone e Sergiopolis e Aleppo|91 Damasco. Museo. 20 marzo '93. Bis.jpg|Damasco._Museo._-_DecArch_2-91
2_SIRIA - Damasco e Bosra e Apamea e S. Simeone e Sergiopolis e Aleppo|92 Damasco. Museo. 20 marzo '93. Bis.jpg|Damasco._Museo._-_DecArch_2-92
2_SIRIA - Damasco e Bosra e Apamea e S. Simeone e Sergiopolis e Aleppo|93 Damasco. Museo. 20 arzo '93. Bis.jpg|Damasco._Museo._-_DecArch_2-93
2_SIRIA - Damasco e Bosra e Apamea e S. Simeone e Sergiopolis e Aleppo|94 Damasco. Museo. 20 marzo '93. Bis.jpg|Damasco._Museo._-_DecArch_2-94
2_SIRIA - Damasco e Bosra e Apamea e S. Simeone e Sergiopolis e Aleppo|95 Damasco. Museo. 20 marzo '93. Bis.jpg|Damasco._Museo._-_DecArch_2-95
2_SIRIA - Damasco e Bosra e Apamea e S. Simeone e Sergiopolis e Aleppo|96 Damasco. Museo. 20 marzo '93. Bis.jpg|Damasco._Museo._-_DecArch_2-96
2_SIRIA - Damasco e Bosra e Apamea e S. Simeone e Sergiopolis e Aleppo|97 Damasco. Museo. 20 marzo '93. Bis.jpg|Damasco._Museo._-_DecArch_2-97
2_SIRIA - Damasco e Bosra e Apamea e S. Simeone e Sergiopolis e Aleppo|98 Damasco. Museo. 20 marzo '93. Bis.jpg|Damasco._Museo._-_DecArch_2-98
2_SIRIA - Damasco e Bosra e Apamea e S. Simeone e Sergiopolis e Aleppo|99 Damasco. Museo. 20 marzo '93. Bis.jpg|Damasco._Museo._-_DecArch_2-99
2_SIRIA - Damasco e Bosra e Apamea e S. Simeone e Sergiopolis e Aleppo|100 Damasco. Museo. 20 marzo '93. Bis.jpg|Damasco._Museo._-_DecArch_2-100
2_SIRIA - Damasco e Bosra e Apamea e S. Simeone e Sergiopolis e Aleppo|101 Apamea. 20 marzo '93. Bis.jpg|Apamea._-_DecArch_2-101
2_SIRIA - Damasco e Bosra e Apamea e S. Simeone e Sergiopolis e Aleppo|102 Apamea. 20 marzo '93. Bis...jpg|Apamea._.._-_DecArch_2-102
2_SIRIA - Damasco e Bosra e Apamea e S. Simeone e Sergiopolis e Aleppo|103 Apamea. 20 marzo '93. Bis.jpg|Apamea._-_DecArch_2-103
2_SIRIA - Damasco e Bosra e Apamea e S. Simeone e Sergiopolis e Aleppo|104 Apamea. 20 marzo '93. Bis.jpg|Apamea._-_DecArch_2-104
2_SIRIA - Damasco e Bosra e Apamea e S. Simeone e Sergiopolis e Aleppo|105 Apamea. 20 marzo '93. Bis.jpg|Apamea._-_DecArch_2-105
2_SIRIA - Damasco e Bosra e Apamea e S. Simeone e Sergiopolis e Aleppo|106 Apamea 20 marzo '93. Bis.jpg|Apamea_-_DecArch_2-106
2_SIRIA - Damasco e Bosra e Apamea e S. Simeone e Sergiopolis e Aleppo|107 Apamea. 20 marzo '93. Bis.jpg|Apamea._-_DecArch_2-107
2_SIRIA - Damasco e Bosra e Apamea e S. Simeone e Sergiopolis e Aleppo|108 Apamea. 20 marzo '93. Bis.jpg|Apamea._-_DecArch_2-108
2_SIRIA - Damasco e Bosra e Apamea e S. Simeone e Sergiopolis e Aleppo|109 Apamea 20 marzo '93. Bis.jpg|Apamea_-_DecArch_2-109
2_SIRIA - Damasco e Bosra e Apamea e S. Simeone e Sergiopolis e Aleppo|110 Apamea. 20 marzo '93. Bis.jpg|Apamea._-_DecArch_2-110
2_SIRIA - Damasco e Bosra e Apamea e S. Simeone e Sergiopolis e Aleppo|111 Apamea. 20 marzo '93. Bis.jpg|Apamea._-_DecArch_2-111
2_SIRIA - Damasco e Bosra e Apamea e S. Simeone e Sergiopolis e Aleppo|112 Apamea. 20 marzo '93. Bis.jpg|Apamea._-_DecArch_2-112
2_SIRIA - Damasco e Bosra e Apamea e S. Simeone e Sergiopolis e Aleppo|113 Apamea. 20 marzo '93. Bis.jpg|Apamea._-_DecArch_2-113
2_SIRIA - Damasco e Bosra e Apamea e S. Simeone e Sergiopolis e Aleppo|114 Apamea. 20 marzo '93. Bis.jpg|Apamea._-_DecArch_2-114
2_SIRIA - Damasco e Bosra e Apamea e S. Simeone e Sergiopolis e Aleppo|115 Apamea. 20 marzo '93. Bis.jpg|Apamea._-_DecArch_2-115
2_SIRIA - Damasco e Bosra e Apamea e S. Simeone e Sergiopolis e Aleppo|116 Apamea. 20 marzo '93. Bis.jpg|Apamea._-_DecArch_2-116
2_SIRIA - Damasco e Bosra e Apamea e S. Simeone e Sergiopolis e Aleppo|117 Apamea. 20 marzo '93. Bis.jpg|Apamea._-_DecArch_2-117
2_SIRIA - Damasco e Bosra e Apamea e S. Simeone e Sergiopolis e Aleppo|118 Apamea. 20 marzo '93. Bis.jpg|Apamea._-_DecArch_2-118
2_SIRIA - Damasco e Bosra e Apamea e S. Simeone e Sergiopolis e Aleppo|119 Apamea. 20 marzo '93. Bis.jpg|Apamea._-_DecArch_2-119
2_SIRIA - Damasco e Bosra e Apamea e S. Simeone e Sergiopolis e Aleppo|120 Apamea. 20 marzo '93. Bis.jpg|Apamea._-_DecArch_2-120
2_SIRIA - Damasco e Bosra e Apamea e S. Simeone e Sergiopolis e Aleppo|121 Apamea. 20 marzo '93. Bis.jpg|Apamea._-_DecArch_2-121
2_SIRIA - Damasco e Bosra e Apamea e S. Simeone e Sergiopolis e Aleppo|122 Apamea. 20 marzo '93. Bis.jpg|Apamea._-_DecArch_2-122
2_SIRIA - Damasco e Bosra e Apamea e S. Simeone e Sergiopolis e Aleppo|123 Apamea. 20 marzo '93, Bis.jpg|Apamea._,_-_DecArch_2-123
2_SIRIA - Damasco e Bosra e Apamea e S. Simeone e Sergiopolis e Aleppo|124 Ebla. 20 marzo '93. Bis.jpg|Ebla._-_DecArch_2-124
2_SIRIA - Damasco e Bosra e Apamea e S. Simeone e Sergiopolis e Aleppo|125 Apamea. 20 Marzo '93.JPG|Apamea_-_DecArch_2-125
2_SIRIA - Damasco e Bosra e Apamea e S. Simeone e Sergiopolis e Aleppo|126 Ebla. 20 marzo '93. Bis.jpg|Ebla._-_DecArch_2-126
2_SIRIA - Damasco e Bosra e Apamea e S. Simeone e Sergiopolis e Aleppo|127 Apamea. 20 marzo '93. Bis.jpg|Apamea._-_DecArch_2-127
2_SIRIA - Damasco e Bosra e Apamea e S. Simeone e Sergiopolis e Aleppo|128 Ebla. 20 marzo '93. Bis.jpg|Ebla._-_DecArch_2-128
2_SIRIA - Damasco e Bosra e Apamea e S. Simeone e Sergiopolis e Aleppo|129 Apamea. 20 marzo '93. Bis.jpg|Apamea._-_DecArch_2-129
2_SIRIA - Damasco e Bosra e Apamea e S. Simeone e Sergiopolis e Aleppo|130 Ebla. 20 marzo '93. Bis.jpg|Ebla._-_DecArch_2-130
2_SIRIA - Damasco e Bosra e Apamea e S. Simeone e Sergiopolis e Aleppo|131 Apamea. 20 marzo '93. Bis.jpg|Apamea._-_DecArch_2-131
2_SIRIA - Damasco e Bosra e Apamea e S. Simeone e Sergiopolis e Aleppo|132 Tempio ittita di Ain Dara. 20 marzo '93. Bis.jpg|Tempio_ittita_di_Ain_Dara._-_DecArch_2-132
2_SIRIA - Damasco e Bosra e Apamea e S. Simeone e Sergiopolis e Aleppo|133 Apamea. 20 marzo '93. Bis.jpg|Apamea._-_DecArch_2-133
2_SIRIA - Damasco e Bosra e Apamea e S. Simeone e Sergiopolis e Aleppo|134 Tempio ittita di Ain Dara. 20 marzo '93. Bis.jpg|Tempio_ittita_di_Ain_Dara._-_DecArch_2-134
2_SIRIA - Damasco e Bosra e Apamea e S. Simeone e Sergiopolis e Aleppo|135 Ain Dara. 20 marzo '93. Bis.jpg|Ain_Dara._-_DecArch_2-135
2_SIRIA - Damasco e Bosra e Apamea e S. Simeone e Sergiopolis e Aleppo|136 Apamea. 20 marzo '93. Bis.jpg|Apamea._-_DecArch_2-136
2_SIRIA - Damasco e Bosra e Apamea e S. Simeone e Sergiopolis e Aleppo|137 Ain Dara. 20 marzo '93. Bis.jpg|Ain_Dara._-_DecArch_2-137
2_SIRIA - Damasco e Bosra e Apamea e S. Simeone e Sergiopolis e Aleppo|138 Apamea. 20 marzo '93 Bis.jpg|Apamea._-_DecArch_2-138
2_SIRIA - Damasco e Bosra e Apamea e S. Simeone e Sergiopolis e Aleppo|139 Apamea. 20 marzo '93. Bis.jpg|Apamea._-_DecArch_2-139
2_SIRIA - Damasco e Bosra e Apamea e S. Simeone e Sergiopolis e Aleppo|140 Santuario San Simeone. 20 marzo '93 Bis.jpg|Santuario_San_Simeone._-_DecArch_2-140
2_SIRIA - Damasco e Bosra e Apamea e S. Simeone e Sergiopolis e Aleppo|141 Apamea. 20 marzo '93. Bis.jpg|Apamea._-_DecArch_2-141
2_SIRIA - Damasco e Bosra e Apamea e S. Simeone e Sergiopolis e Aleppo|142 Santuario San Simeone. Chiesa esterna. 20 marzo '93. Bis.jpg|Santuario_San_Simeone._Chiesa_esterna._-_DecArch_2-142
2_SIRIA - Damasco e Bosra e Apamea e S. Simeone e Sergiopolis e Aleppo|143 Apamea. 20 marzo '93. Bis.jpg|Apamea._-_DecArch_2-143
2_SIRIA - Damasco e Bosra e Apamea e S. Simeone e Sergiopolis e Aleppo|144 Santuario San Simeone. Chiesa esterna. 20 marzo '93. Bis.jpg|Santuario_San_Simeone._Chiesa_esterna._-_DecArch_2-144
2_SIRIA - Damasco e Bosra e Apamea e S. Simeone e Sergiopolis e Aleppo|145 Apamea. 20 marzo '93. Bis.jpg|Apamea._-_DecArch_2-145
2_SIRIA - Damasco e Bosra e Apamea e S. Simeone e Sergiopolis e Aleppo|146 Santuario San Simeone. Chiesa esterna. Portale sul fianco. 20 marzo '93. Bis.jpg|Santuario_San_Simeone._Chiesa_esterna._Portale_sul_fianco._-_DecArch_2-146
2_SIRIA - Damasco e Bosra e Apamea e S. Simeone e Sergiopolis e Aleppo|147 Apamea. 20 marzo '93 Bis.jpg|Apamea._-_DecArch_2-147
2_SIRIA - Damasco e Bosra e Apamea e S. Simeone e Sergiopolis e Aleppo|148 Santuario San Simeone. Chiesa esterna. 20 marzo '93. Bis.jpg|Santuario_San_Simeone._Chiesa_esterna._-_DecArch_2-148
2_SIRIA - Damasco e Bosra e Apamea e S. Simeone e Sergiopolis e Aleppo|149 Apamea. Alfa 31. Bis.jpg|149_Apamea._Alfa_31._-_DecArch_2-149
2_SIRIA - Damasco e Bosra e Apamea e S. Simeone e Sergiopolis e Aleppo|150 Santuario San Simeone. Chiesa esterna. Portale sul fianco. 20 marzo '93. Bis.jpg|Santuario_San_Simeone._Chiesa_esterna._Portale_sul_fianco._-_DecArch_2-150
2_SIRIA - Damasco e Bosra e Apamea e S. Simeone e Sergiopolis e Aleppo|151 Apamea. 20 marzo '93. Bis.jpg|Apamea._-_DecArch_2-151
2_SIRIA - Damasco e Bosra e Apamea e S. Simeone e Sergiopolis e Aleppo|152 Santuario San Simeone. Porta ingresso. 20 marzo '93. Bis.jpg|Santuario_San_Simeone._Porta_ingresso._-_DecArch_2-152
2_SIRIA - Damasco e Bosra e Apamea e S. Simeone e Sergiopolis e Aleppo|153 Apamea. 20 marzo '93. Bis.jpg|Apamea._-_DecArch_2-153
2_SIRIA - Damasco e Bosra e Apamea e S. Simeone e Sergiopolis e Aleppo|154 Santuario San Simeone. Porta ingresso. 20 marzo '93. Bis.jpg|Santuario_San_Simeone._Porta_ingresso._-_DecArch_2-154
2_SIRIA - Damasco e Bosra e Apamea e S. Simeone e Sergiopolis e Aleppo|155 Apamea. 20 marzo '93. Bis.jpg|Apamea._-_DecArch_2-155
2_SIRIA - Damasco e Bosra e Apamea e S. Simeone e Sergiopolis e Aleppo|156 Santuario San Simeone. Porta ingresso. 20 marzo '93. Bis.jpg|Santuario_San_Simeone._Porta_ingresso._-_DecArch_2-156
2_SIRIA - Damasco e Bosra e Apamea e S. Simeone e Sergiopolis e Aleppo|157 Apamea. 20 marzo '93. Bis.jpg|Apamea._-_DecArch_2-157
2_SIRIA - Damasco e Bosra e Apamea e S. Simeone e Sergiopolis e Aleppo|158 Santuario San Simeone. 20 marzo '93. Bis.jpg|Santuario_San_Simeone._-_DecArch_2-158
2_SIRIA - Damasco e Bosra e Apamea e S. Simeone e Sergiopolis e Aleppo|159 Apamea. 20 marzo '93. Bis.jpg|Apamea._-_DecArch_2-159
2_SIRIA - Damasco e Bosra e Apamea e S. Simeone e Sergiopolis e Aleppo|160 Santuario San Simeone. Facciata ingresso. 20 marzo '93. Bis.jpg|Santuario_San_Simeone._Facciata_ingresso._-_DecArch_2-160
2_SIRIA - Damasco e Bosra e Apamea e S. Simeone e Sergiopolis e Aleppo|161 Apamea maggio '93. Bis.jpg|Apamea_maggio_-_DecArch_2-161
2_SIRIA - Damasco e Bosra e Apamea e S. Simeone e Sergiopolis e Aleppo|162 Santuario San Simeone. Facciata ingresso. 20 marzo '93. Bis.jpg|Santuario_San_Simeone._Facciata_ingresso._-_DecArch_2-162
2_SIRIA - Damasco e Bosra e Apamea e S. Simeone e Sergiopolis e Aleppo|163 Apamea. Antiquarium. 20 marzo '93. Bis.jpg|Apamea._Antiquarium._-_DecArch_2-163
2_SIRIA - Damasco e Bosra e Apamea e S. Simeone e Sergiopolis e Aleppo|164 Santuario San Simeone. Facciata ingresso. 20 marzo '93. Bis.jpg|Santuario_San_Simeone._Facciata_ingresso._-_DecArch_2-164
2_SIRIA - Damasco e Bosra e Apamea e S. Simeone e Sergiopolis e Aleppo|165 Apamea. 20 marzo '93. Bis.jpg|Apamea._-_DecArch_2-165
2_SIRIA - Damasco e Bosra e Apamea e S. Simeone e Sergiopolis e Aleppo|166 Santuario San Simeone. Facciata ingresso. 20 marzo '93. Bis.jpg|Santuario_San_Simeone._Facciata_ingresso._-_DecArch_2-166
2_SIRIA - Damasco e Bosra e Apamea e S. Simeone e Sergiopolis e Aleppo|167 Apamea. Antiquarium. 20 marzo '93. Bis.jpg|Apamea._Antiquarium._-_DecArch_2-167
2_SIRIA - Damasco e Bosra e Apamea e S. Simeone e Sergiopolis e Aleppo|168 Santuario San Simeone. Facciata ingresso. 20 marzo '93. Bis.jpg|Santuario_San_Simeone._Facciata_ingresso._-_DecArch_2-168
2_SIRIA - Damasco e Bosra e Apamea e S. Simeone e Sergiopolis e Aleppo|169 Apamea. Antiquarium. 20 marzo '93. Bis.jpg|Apamea._Antiquarium._-_DecArch_2-169
2_SIRIA - Damasco e Bosra e Apamea e S. Simeone e Sergiopolis e Aleppo|170 San Simeone. Nartece della facciata.20 marzo '93. Bis.jpg|San_Simeone._Nartece_della_facciata.20_marzo_-_DecArch_2-170
2_SIRIA - Damasco e Bosra e Apamea e S. Simeone e Sergiopolis e Aleppo|171 Apamea. Antiquarium. 20 marzo '93. Bis.jpg|Apamea._Antiquarium._-_DecArch_2-171
2_SIRIA - Damasco e Bosra e Apamea e S. Simeone e Sergiopolis e Aleppo|172 San Simeone. Nartece. 20 marzo '93. Bis.jpg|San_Simeone._Nartece._-_DecArch_2-172
2_SIRIA - Damasco e Bosra e Apamea e S. Simeone e Sergiopolis e Aleppo|173 Apamea. Antiquarium. 20 marzo '93. Bis.jpg|Apamea._Antiquarium._-_DecArch_2-173
2_SIRIA - Damasco e Bosra e Apamea e S. Simeone e Sergiopolis e Aleppo|174 San Simeone. Nartece. 20 marzo '93. Bis.jpg|San_Simeone._Nartece._-_DecArch_2-174
2_SIRIA - Damasco e Bosra e Apamea e S. Simeone e Sergiopolis e Aleppo|175 Apamea. Antiquarium 20 marzo '93. Bis.jpg|Apamea._Antiquarium_-_DecArch_2-175
2_SIRIA - Damasco e Bosra e Apamea e S. Simeone e Sergiopolis e Aleppo|176 San Simeone. Nartece sopra il portale. 20 marzo '93. Bis.jpg|San_Simeone._Nartece_sopra_il_portale._-_DecArch_2-176
2_SIRIA - Damasco e Bosra e Apamea e S. Simeone e Sergiopolis e Aleppo|177 Apamea. Antiquarium. 20 marzo '93. Bis.jpg|Apamea._Antiquarium._-_DecArch_2-177
2_SIRIA - Damasco e Bosra e Apamea e S. Simeone e Sergiopolis e Aleppo|178 San Simeone. nartece finestra laterale. 20 marzo '93.JPG|San_Simeone._nartece_finestra_laterale_-_DecArch_2-178
2_SIRIA - Damasco e Bosra e Apamea e S. Simeone e Sergiopolis e Aleppo|179 Apamea. Antiquarium. 20 marzo '93. Bis.jpg|Apamea._Antiquarium._-_DecArch_2-179
2_SIRIA - Damasco e Bosra e Apamea e S. Simeone e Sergiopolis e Aleppo|180 San Simeone. Ottagono centrale. 20 marzo '93. Bis.jpg|San_Simeone._Ottagono_centrale._-_DecArch_2-180
2_SIRIA - Damasco e Bosra e Apamea e S. Simeone e Sergiopolis e Aleppo|181 Apamea. Antiquarium. 20 marzo '93. Bis.jpg|Apamea._Antiquarium._-_DecArch_2-181
2_SIRIA - Damasco e Bosra e Apamea e S. Simeone e Sergiopolis e Aleppo|182 San Simeone. Ottagono centrale. 20 marzo '93. Bis.jpg|San_Simeone._Ottagono_centrale._-_DecArch_2-182
2_SIRIA - Damasco e Bosra e Apamea e S. Simeone e Sergiopolis e Aleppo|183 Apamea. Antiquarium. 20 marzo '93. Bis..jpg|Apamea._Antiquarium._._-_DecArch_2-183
2_SIRIA - Damasco e Bosra e Apamea e S. Simeone e Sergiopolis e Aleppo|184 San Simeone. Ottagono centrale. 20 marzo '93. Bis.jpg|San_Simeone._Ottagono_centrale._-_DecArch_2-184
2_SIRIA - Damasco e Bosra e Apamea e S. Simeone e Sergiopolis e Aleppo|185 Apamea. Antiquarium. 20 marzo '93. Bis.jpg|Apamea._Antiquarium._-_DecArch_2-185
2_SIRIA - Damasco e Bosra e Apamea e S. Simeone e Sergiopolis e Aleppo|186 San Simeone. Esterno bas. dx. 6 bas. centr. 20 marzo '93. Bis..jpg|San_Simeone._Esterno_bas._dx._6_bas._centr._._-_DecArch_2-186
2_SIRIA - Damasco e Bosra e Apamea e S. Simeone e Sergiopolis e Aleppo|187 Damasco. Bab Sharki (porta). 20 marzo '93. Bis.jpg|Damasco._Bab_Sharki_(porta)._-_DecArch_2-187
2_SIRIA - Damasco e Bosra e Apamea e S. Simeone e Sergiopolis e Aleppo|188 San Simeone. Esterno giunzione tra bas. dx. e bas. centr. 20 marzo '93. Bis.jpg|San_Simeone._Esterno_giunzione_tra_bas._dx._e_bas._centr._-_DecArch_2-188
2_SIRIA - Damasco e Bosra e Apamea e S. Simeone e Sergiopolis e Aleppo|189 Damasco presso arco romano. 20 marzo '93. Bis.jpg|Damasco_presso_arco_romano._-_DecArch_2-189
2_SIRIA - Damasco e Bosra e Apamea e S. Simeone e Sergiopolis e Aleppo|190 San Simeone. Decorazione abside esterna ottagono centrale. 20 marzo '93. Bis.jpg|San_Simeone._Decorazione_abside_esterna_ottagono_centrale._-_DecArch_2-190
2_SIRIA - Damasco e Bosra e Apamea e S. Simeone e Sergiopolis e Aleppo|191 Damasco. Arco romano. 20 marzo '93. Bis.jpg|Damasco._Arco_romano._-_DecArch_2-191
2_SIRIA - Damasco e Bosra e Apamea e S. Simeone e Sergiopolis e Aleppo|192 San Simeone. Esterno abside basilica dx. 20 marzo '93. Bis.jpg|San_Simeone._Esterno_abside_basilica_dx._-_DecArch_2-192
2_SIRIA - Damasco e Bosra e Apamea e S. Simeone e Sergiopolis e Aleppo|193 Damasco. Arco romano. 20 marzo '93. Bis.jpg|Damasco._Arco_romano._-_DecArch_2-193
2_SIRIA - Damasco e Bosra e Apamea e S. Simeone e Sergiopolis e Aleppo|194 San Simeone. 1°ordine decorazione esterna abside basilica dx. 20 marzo '93. Bis.jpg|San_Simeone._1°ordine_decorazione_esterna_abside_basilica_dx._-_DecArch_2-194
2_SIRIA - Damasco e Bosra e Apamea e S. Simeone e Sergiopolis e Aleppo|195 Damasco. Temenos T. di Zeus (forse) V. N. 28. 20 marzo '93. Bis.jpg|Damasco._Temenos_T._di_Zeus_(forse)_V._N._28._-_DecArch_2-195
2_SIRIA - Damasco e Bosra e Apamea e S. Simeone e Sergiopolis e Aleppo|196 San Simeone. Basilica dx. 20 marzo '93. Bis.jpg|San_Simeone._Basilica_dx._-_DecArch_2-196
2_SIRIA - Damasco e Bosra e Apamea e S. Simeone e Sergiopolis e Aleppo|197 Damasco. Temenos T. di Zeus (forse) V. N. 28. 20 marzo '93. Bis.jpg|Damasco._Temenos_T._di_Zeus_(forse)_V._N._28._-_DecArch_2-197
2_SIRIA - Damasco e Bosra e Apamea e S. Simeone e Sergiopolis e Aleppo|198 San Simeone. Abside basilica destra. 20 marzo '93. Bis.jpg|San_Simeone._Abside_basilica_destra._-_DecArch_2-198
2_SIRIA - Damasco e Bosra e Apamea e S. Simeone e Sergiopolis e Aleppo|199 Damasco. Temenos T. di Zeus (forse). Retro Moschea. 20 marzo '93. Bis.jpg|Damasco._Temenos_T._di_Zeus_(forse)._Retro_Moschea._-_DecArch_2-199
2_SIRIA - Damasco e Bosra e Apamea e S. Simeone e Sergiopolis e Aleppo|200 San Simeone. Abside basilica dx. 20 marzo '93. Bis.jpg|San_Simeone._Abside_basilica_dx._-_DecArch_2-200
2_SIRIA - Damasco e Bosra e Apamea e S. Simeone e Sergiopolis e Aleppo|201 Sergiopolis. Martirion. 20 marzo '93. Bis.jpg|Sergiopolis._Martirion._-_DecArch_2-201
2_SIRIA - Damasco e Bosra e Apamea e S. Simeone e Sergiopolis e Aleppo|202 Sergiopolis. Martirion. 20 marzo '93. Bis.jpg|Sergiopolis._Martirion._-_DecArch_2-202
2_SIRIA - Damasco e Bosra e Apamea e S. Simeone e Sergiopolis e Aleppo|203 Sergiopolis. Martirion. 20 marzo '93. Bis.jpg|Sergiopolis._Martirion._-_DecArch_2-203
2_SIRIA - Damasco e Bosra e Apamea e S. Simeone e Sergiopolis e Aleppo|204 Sergiopolis. Martirion. 20 marzo '93. Bis.jpg|Sergiopolis._Martirion._-_DecArch_2-204
2_SIRIA - Damasco e Bosra e Apamea e S. Simeone e Sergiopolis e Aleppo|205 Sergiopolis. Martirion. 20 marzo '93. Bis.jpg|Sergiopolis._Martirion._-_DecArch_2-205
2_SIRIA - Damasco e Bosra e Apamea e S. Simeone e Sergiopolis e Aleppo|206 Sergiopolis. Martirion. 20 marzo '93. Bis.jpg|Sergiopolis._Martirion._-_DecArch_2-206
2_SIRIA - Damasco e Bosra e Apamea e S. Simeone e Sergiopolis e Aleppo|207 Sergiopolis. Martirion. 20 marzo '93. Bis.jpg|Sergiopolis._Martirion._-_DecArch_2-207
2_SIRIA - Damasco e Bosra e Apamea e S. Simeone e Sergiopolis e Aleppo|208 Sergiopolis. Martirion. Decorazioni absidi laterali (forse). 20 marzo '93. Bis.jpg|Sergiopolis._Martirion._Decorazioni_absidi_laterali_(forse)._-_DecArch_2-208
2_SIRIA - Damasco e Bosra e Apamea e S. Simeone e Sergiopolis e Aleppo|209 Sergiopolis. Martirion. Decorazioni absidi laterali (forse). 20 arzo '93. Bis.jpg|Sergiopolis._Martirion._Decorazioni_absidi_laterali_(forse)._-_DecArch_2-209
2_SIRIA - Damasco e Bosra e Apamea e S. Simeone e Sergiopolis e Aleppo|210 Sergiopolis. Martirion. Decorazione absidie. 20 marzo '93. Bis.jpg|Sergiopolis._Martirion._Decorazione_absidie._-_DecArch_2-210
2_SIRIA - Damasco e Bosra e Apamea e S. Simeone e Sergiopolis e Aleppo|211 Sergiopolis. Porta sud. 20 marzo '93. Bis.jpg|Sergiopolis._Porta_sud._-_DecArch_2-211
2_SIRIA - Damasco e Bosra e Apamea e S. Simeone e Sergiopolis e Aleppo|212 Sergiopolis. Martirion. 20 marzo '93. Bis.jpg|Sergiopolis._Martirion._-_DecArch_2-212
2_SIRIA - Damasco e Bosra e Apamea e S. Simeone e Sergiopolis e Aleppo|213 Sergiopolis. Martirion. 20 marzo '93. bis.jpg|Sergiopolis._Martirion._-_DecArch_2-213
2_SIRIA - Damasco e Bosra e Apamea e S. Simeone e Sergiopolis e Aleppo|214 Sergiopolis. Porta nord. 20 marzo '93. Bis.jpg|Sergiopolis._Porta_nord._-_DecArch_2-214
2_SIRIA - Damasco e Bosra e Apamea e S. Simeone e Sergiopolis e Aleppo|215 Sergiopolis. Basilica centrale. 20 marzo '93. Bis.jpg|Sergiopolis._Basilica_centrale._-_DecArch_2-215
2_SIRIA - Damasco e Bosra e Apamea e S. Simeone e Sergiopolis e Aleppo|216 Sergiopolis. Porta nord. 20 marzo '93. Bis.jpg|Sergiopolis._Porta_nord._-_DecArch_2-216
2_SIRIA - Damasco e Bosra e Apamea e S. Simeone e Sergiopolis e Aleppo|217 Sergiopolis. Porta nord. 20 marzo '93. Bis.jpg|Sergiopolis._Porta_nord._-_DecArch_2-217
2_SIRIA - Damasco e Bosra e Apamea e S. Simeone e Sergiopolis e Aleppo|218 Sergiopolis. Porta nord. 20 marzo '93. Bis.jpg|Sergiopolis._Porta_nord._-_DecArch_2-218
2_SIRIA - Damasco e Bosra e Apamea e S. Simeone e Sergiopolis e Aleppo|219 Sergiopolis. Porta nord. 20 marzo '93. Bis.jpg|Sergiopolis._Porta_nord._-_DecArch_2-219
2_SIRIA - Damasco e Bosra e Apamea e S. Simeone e Sergiopolis e Aleppo|220 Sergiopolis. Porta nord. 20 marzo '93. Bis.jpg|Sergiopolis._Porta_nord._-_DecArch_2-220
2_SIRIA - Damasco e Bosra e Apamea e S. Simeone e Sergiopolis e Aleppo|221 Sergiopolis. Porta nord. Via colonnata. 20 marzo '93. Bis.jpg|Sergiopolis._Porta_nord._Via_colonnata._-_DecArch_2-221
2_SIRIA - Damasco e Bosra e Apamea e S. Simeone e Sergiopolis e Aleppo|222 Rasafa Sergiopolis. Mura lato sud e angolo s-w dall'interno. 20 marzo '93. Bis.jpg|Rasafa_Sergiopolis._Mura_lato_sud_e_angolo_s-w_dall'interno._-_DecArch_2-222
2_SIRIA - Damasco e Bosra e Apamea e S. Simeone e Sergiopolis e Aleppo|223 Sergiopolis. Mura lato ovest dal martirion. 20 marzo '93. Bis.jpg|Sergiopolis._Mura_lato_ovest_dal_martirion._-_DecArch_2-223
2_SIRIA - Damasco e Bosra e Apamea e S. Simeone e Sergiopolis e Aleppo|224 Sergiopolis. Cisterna s.w. 20 marzo '93. Bis.jpg|Sergiopolis._Cisterna_s.w._-_DecArch_2-224
2_SIRIA - Damasco e Bosra e Apamea e S. Simeone e Sergiopolis e Aleppo|225 Sergiopolis. Mura lato nord e martirion. 20 marzo '93. Bis.jpg|Sergiopolis._Mura_lato_nord_e_martirion._-_DecArch_2-225
2_SIRIA - Damasco e Bosra e Apamea e S. Simeone e Sergiopolis e Aleppo|226 Sergiopolis. Mura lato nord dalla basilica centrale. 20 marzo '93. Bis.jpg|Sergiopolis._Mura_lato_nord_dalla_basilica_centrale._-_DecArch_2-226
2_SIRIA - Damasco e Bosra e Apamea e S. Simeone e Sergiopolis e Aleppo|227 Sergiopolis. la città da sud est. 20 marzo '93. Bis.jpg|Sergiopolis._la_città_da_sud_est._-_DecArch_2-227
2_SIRIA - Damasco e Bosra e Apamea e S. Simeone e Sergiopolis e Aleppo|228 Aleppo. Museo. 20 marzo '93. Bis.jpg|Aleppo._Museo._-_DecArch_2-228
2_SIRIA - Damasco e Bosra e Apamea e S. Simeone e Sergiopolis e Aleppo|229 Aleppo. Museo. 20 marzo '93. Bis.jpg|Aleppo._Museo._-_DecArch_2-229
2_SIRIA - Damasco e Bosra e Apamea e S. Simeone e Sergiopolis e Aleppo|230 Aleppo. Museo. 20 marzo '93. Bis.jpg|Aleppo._Museo._-_DecArch_2-230
2_SIRIA - Damasco e Bosra e Apamea e S. Simeone e Sergiopolis e Aleppo|231 Aleppo. Museo. 20 marzo '93. Bis.jpg|Aleppo._Museo._-_DecArch_2-231
2_SIRIA - Damasco e Bosra e Apamea e S. Simeone e Sergiopolis e Aleppo|232 Aleppo. Museo. 20 marzo '93. Bis.jpg|Aleppo._Museo._-_DecArch_2-232
2_SIRIA - Damasco e Bosra e Apamea e S. Simeone e Sergiopolis e Aleppo|233 Aleppo. Museo. 20 marzo '93. Bis.jpg|Aleppo._Museo._-_DecArch_2-233
2_SIRIA - Damasco e Bosra e Apamea e S. Simeone e Sergiopolis e Aleppo|234 Aleppo. Museo. 20 marzo '93. Bis.jpg|Aleppo._Museo._-_DecArch_2-234
2_SIRIA - Damasco e Bosra e Apamea e S. Simeone e Sergiopolis e Aleppo|235 Aleppo. Museo. 20 marzo '93. Bis.jpg|Aleppo._Museo._-_DecArch_2-235
2_SIRIA - Damasco e Bosra e Apamea e S. Simeone e Sergiopolis e Aleppo|236 Aleppo. Museo. 20 marzo '93. Bis.jpg|Aleppo._Museo._-_DecArch_2-236
2_SIRIA - Damasco e Bosra e Apamea e S. Simeone e Sergiopolis e Aleppo|237 Aleppo. Museo. 20 marzo '93. Bis.jpg|Aleppo._Museo._-_DecArch_2-237
2_SIRIA - Damasco e Bosra e Apamea e S. Simeone e Sergiopolis e Aleppo|238 Aleppo. Museo. 20 marzo '93. Bis.jpg|Aleppo._Museo._-_DecArch_2-238
2_SIRIA - Damasco e Bosra e Apamea e S. Simeone e Sergiopolis e Aleppo|239 Aleppo. Museo. 20 marzo '93.JPG|Aleppo._Museo_-_DecArch_2-239
2_SIRIA - Damasco e Bosra e Apamea e S. Simeone e Sergiopolis e Aleppo|240 Aleppo. Museo. 20 marzo '93. Bis.jpg|Aleppo._Museo._-_DecArch_2-240
2_SIRIA - Damasco e Bosra e Apamea e S. Simeone e Sergiopolis e Aleppo|241 Aleppo. Museo. 20 marzo '93. Bis.jpg|Aleppo._Museo._-_DecArch_2-241
2_SIRIA - Damasco e Bosra e Apamea e S. Simeone e Sergiopolis e Aleppo|242 Aleppo. Museo. 20 marzo '93. Bis.jpg|Aleppo._Museo._-_DecArch_2-242
2_SIRIA - Damasco e Bosra e Apamea e S. Simeone e Sergiopolis e Aleppo|243 Aleppo. Museo.j 20 marzo '93. Bis.jpg|Aleppo._Museo.j_-_DecArch_2-243
2_SIRIA - Damasco e Bosra e Apamea e S. Simeone e Sergiopolis e Aleppo|244 Aleppo. Museo. 20 marzo '93. Bis.jpg|Aleppo._Museo._-_DecArch_2-244
2_SIRIA - Damasco e Bosra e Apamea e S. Simeone e Sergiopolis e Aleppo|245 Aleppo. Museo. 20 marzo '93. Bis.jpg|Aleppo._Museo._-_DecArch_2-245
2_SIRIA - Damasco e Bosra e Apamea e S. Simeone e Sergiopolis e Aleppo|246 S. Simeone. Battistero. 20 marzo '93. Bis.jpg|S._Simeone._Battistero._-_DecArch_2-246
2_SIRIA - Damasco e Bosra e Apamea e S. Simeone e Sergiopolis e Aleppo|247 Santuario di S. Simeone. 20 marzo '93. Bis.jpg|Santuario_di_S._Simeone._-_DecArch_2-247
2_SIRIA - Damasco e Bosra e Apamea e S. Simeone e Sergiopolis e Aleppo|248 Santuario di S. Simeone. 20 marzo '93. Bis.jpg|Santuario_di_S._Simeone._-_DecArch_2-248
2_SIRIA - Damasco e Bosra e Apamea e S. Simeone e Sergiopolis e Aleppo|249 Santuario di S. Simeone. 20 marzo '93. Bis.jpg|Santuario_di_S._Simeone._-_DecArch_2-249
2_SIRIA - Damasco e Bosra e Apamea e S. Simeone e Sergiopolis e Aleppo|250 Santuario di S. Simeone. 20 marzo '93. Bis.jpg|Santuario_di_S._Simeone._-_DecArch_2-250
2_SIRIA - Damasco e Bosra e Apamea e S. Simeone e Sergiopolis e Aleppo|251 Santuario di S. Simeone. Abside basilica dx. 20 marzo '93. Bis.jpg|Santuario_di_S._Simeone._Abside_basilica_dx._-_DecArch_2-251
2_SIRIA - Damasco e Bosra e Apamea e S. Simeone e Sergiopolis e Aleppo|252 Sergiopolis. Cattedrale. 20 marzo '93. Bis.jpg|Sergiopolis._Cattedrale._-_DecArch_2-252
2_SIRIA - Damasco e Bosra e Apamea e S. Simeone e Sergiopolis e Aleppo|253 Sergiopolis. Cattedrale. 20 marzo '93. Bis.jpg|Sergiopolis._Cattedrale._-_DecArch_2-253
2_SIRIA - Damasco e Bosra e Apamea e S. Simeone e Sergiopolis e Aleppo|254 Sergiopolis. Cattedrale. 20 marzo '93. Bis.jpg|Sergiopolis._Cattedrale._-_DecArch_2-254
2_SIRIA - Damasco e Bosra e Apamea e S. Simeone e Sergiopolis e Aleppo|255 Sergiopolis. Cattedrale. Navata dx. 20 marzo '93. Bis.jpg|Sergiopolis._Cattedrale._Navata_dx._-_DecArch_2-255
2_SIRIA - Damasco e Bosra e Apamea e S. Simeone e Sergiopolis e Aleppo|256 Sergiopolis. cattedrale navata centrale. 20 marzo '93. Bis.jpg|Sergiopolis._cattedrale_navata_centrale._-_DecArch_2-256
2_SIRIA - Damasco e Bosra e Apamea e S. Simeone e Sergiopolis e Aleppo|257 Sergiopolis. cattedrale. 20 marzo '93. Bis.jpg|Sergiopolis._cattedrale._-_DecArch_2-257
2_SIRIA - Damasco e Bosra e Apamea e S. Simeone e Sergiopolis e Aleppo|258 Sergiopolis. cattedrale. 20 marzo '93. Bis.jpg|Sergiopolis._cattedrale._-_DecArch_2-258
2_SIRIA - Damasco e Bosra e Apamea e S. Simeone e Sergiopolis e Aleppo|259 Sergiopolis. cattedrale. 20 marzo '93. Bis.jpg|Sergiopolis._cattedrale._-_DecArch_2-259
2_SIRIA - Damasco e Bosra e Apamea e S. Simeone e Sergiopolis e Aleppo|260 Sergiopolis. Martirion dec. abside. 20 marzo '93. Bis.jpg|Sergiopolis._Martirion_dec._abside._-_DecArch_2-260
2_SIRIA - Damasco e Bosra e Apamea e S. Simeone e Sergiopolis e Aleppo|261 Sergiopolis. Basilica centrle. 20 marzo '93. Bis.jpg|Sergiopolis._Basilica_centrle._-_DecArch_2-261
2_SIRIA - Damasco e Bosra e Apamea e S. Simeone e Sergiopolis e Aleppo|262 Sergiopolis. Basilica centrle. 20 marzo '93. Bis.jpg|Sergiopolis._Basilica_centrle._-_DecArch_2-262
2_SIRIA - Damasco e Bosra e Apamea e S. Simeone e Sergiopolis e Aleppo|263 Sergiopolis. Basilica centrle. 20 marzo '93. Bis.jpg|Sergiopolis._Basilica_centrle._-_DecArch_2-263
2_SIRIA - Damasco e Bosra e Apamea e S. Simeone e Sergiopolis e Aleppo|264 Sergiopolis. Basilica centrle. 20 marzo '93. Bis.jpg|Sergiopolis._Basilica_centrle._-_DecArch_2-264
2_SIRIA - Damasco e Bosra e Apamea e S. Simeone e Sergiopolis e Aleppo|265 Sergiopolis. Basilica centrle. 20 marzo '93. Bis.jpg|Sergiopolis._Basilica_centrle._-_DecArch_2-265
2_SIRIA - Damasco e Bosra e Apamea e S. Simeone e Sergiopolis e Aleppo|266 Sergiopolis. Basilica centrle. 20 marzo '93. Bis.jpg|Sergiopolis._Basilica_centrle._-_DecArch_2-266
2_SIRIA - Damasco e Bosra e Apamea e S. Simeone e Sergiopolis e Aleppo|267 Sergiopolis. Martiryon. 20 marzo '93. Bis.jpg|Sergiopolis._Martiryon._-_DecArch_2-267
2_SIRIA - Damasco e Bosra e Apamea e S. Simeone e Sergiopolis e Aleppo|268 Sergiopolis. Martiryon. 20 marzo '93. Bis.jpg|Sergiopolis._Martiryon._-_DecArch_2-268
2_SIRIA - Damasco e Bosra e Apamea e S. Simeone e Sergiopolis e Aleppo|269 Sergiopolis. Martiryon. 20 marzo '93. Bis.jpg|Sergiopolis._Martiryon._-_DecArch_2-269
                                                                                                                               2_SIRIA - Damasco e Bosra e Apamea e S. Simeone e Sergiopolis e Aleppo|259 Sergiopolis. cattedrale. 20 marzo '93. Bis.jpg|Sergiopolis._cattedrale._-_DecArch_2-259.jpg
2_SIRIA - Damasco e Bosra e Apamea e S. Simeone e Sergiopolis e Aleppo|260 Sergiopolis. Martirion dec. abside. 20 marzo '93. Bis.jpg|Sergiopolis._Martirion_dec._abside._-_DecArch_2-260.jpg
2_SIRIA - Damasco e Bosra e Apamea e S. Simeone e Sergiopolis e Aleppo|261 Sergiopolis. Basilica centrle. 20 marzo '93. Bis.jpg|Sergiopolis._Basilica_centrle._-_DecArch_2-261.jpg
2_SIRIA - Damasco e Bosra e Apamea e S. Simeone e Sergiopolis e Aleppo|262 Sergiopolis. Basilica centrle. 20 marzo '93. Bis.jpg|Sergiopolis._Basilica_centrle._-_DecArch_2-262.jpg
2_SIRIA - Damasco e Bosra e Apamea e S. Simeone e Sergiopolis e Aleppo|263 Sergiopolis. Basilica centrle. 20 marzo '93. Bis.jpg|Sergiopolis._Basilica_centrle._-_DecArch_2-263.jpg
2_SIRIA - Damasco e Bosra e Apamea e S. Simeone e Sergiopolis e Aleppo|264 Sergiopolis. Basilica centrle. 20 marzo '93. Bis.jpg|Sergiopolis._Basilica_centrle._-_DecArch_2-264.jpg
2_SIRIA - Damasco e Bosra e Apamea e S. Simeone e Sergiopolis e Aleppo|265 Sergiopolis. Basilica centrle. 20 marzo '93. Bis.jpg|Sergiopolis._Basilica_centrle._-_DecArch_2-265.jpg
2_SIRIA - Damasco e Bosra e Apamea e S. Simeone e Sergiopolis e Aleppo|266 Sergiopolis. Basilica centrle. 20 marzo '93. Bis.jpg|Sergiopolis._Basilica_centrle._-_DecArch_2-266.jpg
2_SIRIA - Damasco e Bosra e Apamea e S. Simeone e Sergiopolis e Aleppo|267 Sergiopolis. Martiryon. 20 marzo '93. Bis.jpg|Sergiopolis._Martiryon._-_DecArch_2-267.jpg
2_SIRIA - Damasco e Bosra e Apamea e S. Simeone e Sergiopolis e Aleppo|268 Sergiopolis. Martiryon. 20 marzo '93. Bis.jpg|Sergiopolis._Martiryon._-_DecArch_2-268.jpg
2_SIRIA - Damasco e Bosra e Apamea e S. Simeone e Sergiopolis e Aleppo|269 Sergiopolis. Martiryon. 20 marzo '93. Bis.jpg|Sergiopolis._Martiryon._-_DecArch_2-269.jpg
3_SIRIA - Zenobia e Dura Europos e Mari|1 Dura Europos. 20 marzo '93. Bis.jpg|Dura_Europos._-_DecArch_3-1.jpg
3_SIRIA - Zenobia e Dura Europos e Mari|2 Dura Europos. 20 marzo '93. Bis.jpg|Dura_Europos._-_DecArch_3-2.jpg
3_SIRIA - Zenobia e Dura Europos e Mari|3 Dura Europos. 20 marzo '93. Bis.jpg|Dura_Europos._-_DecArch_3-3.jpg
3_SIRIA - Zenobia e Dura Europos e Mari|4 Dura Europos. 20 marzo '93. Bis.jpg|Dura_Europos._-_DecArch_3-4.jpg
3_SIRIA - Zenobia e Dura Europos e Mari|5 Dura Europos. 20 marzo '93. Bis.jpg|Dura_Europos._-_DecArch_3-5.jpg
3_SIRIA - Zenobia e Dura Europos e Mari|6 Dura Europos. 20 marzo'93. Bis.jpg|Dura_Europos._-_DecArch_3-6.jpg
3_SIRIA - Zenobia e Dura Europos e Mari|7 Dura Europos. 20 marzo '93. Bis.jpg|Dura_Europos._-_DecArch_3-7.jpg
3_SIRIA - Zenobia e Dura Europos e Mari|8 Dura Europos 20 marzo '93. Bis.jpg|Dura_Europos_-_DecArch_3-8.jpg
3_SIRIA - Zenobia e Dura Europos e Mari|9 Mari. 20 marzo '93. Bis.jpg|Mari._-_DecArch_3-9.jpg
3_SIRIA - Zenobia e Dura Europos e Mari|10 Mari. 20 marzo '93. Bis.jpg|Mari._-_DecArch_3-10.jpg
3_SIRIA - Zenobia e Dura Europos e Mari|11 Mari. 20 marzo '93. Bis.jpg|Mari._-_DecArch_3-11.jpg
3_SIRIA - Zenobia e Dura Europos e Mari|12 Zenobia. 20 marzo '93. Bis.jpg|Zenobia._-_DecArch_3-12.jpg
3_SIRIA - Zenobia e Dura Europos e Mari|13 Zenobia. 20 marzo '93. Bis.jpg|Zenobia._-_DecArch_3-13.jpg
3_SIRIA - Zenobia e Dura Europos e Mari|14 Zenobia. 20 marzo '93. Bis.jpg|Zenobia._-_DecArch_3-14.jpg
3_SIRIA - Zenobia e Dura Europos e Mari|15 Zenobia. 20 marzo '93. Bis.jpg|Zenobia._-_DecArch_3-15.jpg
3_SIRIA - Zenobia e Dura Europos e Mari|16 Zenobia. Pretorio. 20 marzo '93. Bis.jpg|Zenobia._Pretorio._-_DecArch_3-16.jpg
3_SIRIA - Zenobia e Dura Europos e Mari|17 Zenobia. 2' marzo '93. Bis.jpg|Zenobia._-_DecArch_3-17.jpg
3_SIRIA - Zenobia e Dura Europos e Mari|18 Zenobia. 20 marzo '93. Bis.jpg|Zenobia._-_DecArch_3-18.jpg
3_SIRIA - Zenobia e Dura Europos e Mari|19 Zenobia. 20 marzo '93. Bis.jpg|Zenobia._-_DecArch_3-19.jpg
3_SIRIA - Zenobia e Dura Europos e Mari|20 Zenobia. 20 marzo '93. Bis.jpg|Zenobia._-_DecArch_3-20.jpg
3_SIRIA - Zenobia e Dura Europos e Mari|21 Zenobia. 20 marzo '93. Bis.jpg|Zenobia._-_DecArch_3-21.jpg
3_SIRIA - Zenobia e Dura Europos e Mari|22 Zenobia-Halacve e zalabiye. 20 marzo '93. Bis.jpg|Zenobia-Halacve_e_zalabiye._-_DecArch_3-22.jpg
